date,code,score,trend,accel,ratio,day1,day2,actual_surge_%,stop_high
2025-11-26,6613,0.37,5.45,-40.99,0.72,False,False,8.9,False
2025-11-26,6046,7.75,80.21,4058.8,5.26,True,True,9.22,False
2025-11-26,7138,6.98,36.18,516.15,2.95,True,True,15.95,False
2025-11-26,6085,1.13,-4.98,50.27,3.37,True,False,13.06,False
2025-11-26,4570,3.49,20.94,38.87,3.01,True,False,12.71,True
2025-11-26,338A,-0.26,-8.69,30.5,0.91,False,False,11.28,False
2025-11-26,5724,-0.11,-13.43,27.72,2.88,False,False,10.11,False
2025-11-26,4234,6.73,19.27,530.64,5.39,True,True,9.85,False
2025-11-26,7711,-1.94,-16.12,-43.23,0.3,False,False,9.83,True
2025-11-26,4720,1.35,19.2,-88.15,0.94,False,False,20.93,False
2025-11-26,4449,0.68,-4.16,61.93,1.42,False,False,10.11,False
2025-11-26,7256,-0.3,-7.43,29.87,0.44,False,False,8.41,False
2025-11-26,155A,8.09,56.62,276.9,6.97,True,True,8.91,False
2025-11-26,6229,-1.02,-11.02,-13.19,0.64,False,False,8.02,False
2025-11-26,9449,1.15,8.59,4.14,0.76,False,False,8.14,False
2025-11-26,3422,-3.01,-23.53,-76.6,0.33,False,False,8.18,False
2025-11-26,5258,0.57,5.17,-45.5,1.52,False,False,8.47,False
2025-11-26,4552,3.12,20.46,73.27,1.04,False,False,8.28,False
2025-11-26,4579,3.47,21.48,-4.8,4.12,True,False,8.38,False
2025-11-26,4935,-2.44,-20.1,-59.49,0.49,False,False,8.19,False
2025-11-27,6347,3.64,10.71,123.45,4.01,True,False,14.87,False
2025-11-27,4570,4.08,28.75,-12.55,3.98,True,False,12.94,True
2025-11-27,2342,-2.9,-35.38,3.14,1.82,False,False,24.33,True
2025-11-27,7746,2.05,9.74,89.85,0.54,False,False,23.38,True
2025-11-27,2315,2.41,23.44,-63.66,2.09,True,False,20.95,False
2025-11-27,8798,2.66,12.91,89.92,1.41,False,False,17.92,False
2025-11-27,264A,-3.67,-31.04,-76.48,0.58,False,False,15.73,True
2025-11-27,3905,-2.2,-21.14,-18.16,0.28,False,False,15.29,False
2025-11-27,4241,3.28,9.74,188.24,1.28,False,False,13.65,False
2025-11-27,5572,-0.67,-9.8,0.62,0.93,False,False,9.01,False
2025-11-27,319A,1.18,-2.29,109.56,0.94,False,False,9.57,False
2025-11-27,4588,-1.16,-13.92,-9.99,0.99,False,False,13.51,False
2025-11-27,2656,0.64,-2.45,64.52,0.71,False,False,9.45,False
2025-11-27,6226,4.86,18.03,251.82,1.61,False,False,8.65,False
2025-11-27,4055,-0.46,-6.34,-1.96,0.58,False,False,10.21,False
2025-11-27,7318,-3.04,-26.1,-68.19,0.77,False,False,11.91,False
2025-11-27,5243,7.44,63.3,1860.79,4.33,True,True,9.31,False
2025-11-27,6993,1.07,-0.25,73.45,1.08,False,False,12.36,False
2025-11-27,6276,2.28,15.45,62.06,0.34,False,False,8.71,False
2025-11-28,6993,4.56,29.98,40.28,3.49,True,False,31.43,False
2025-11-28,2874,-0.26,-9.38,40.43,0.83,False,False,8.31,False
2025-11-28,3903,-1.82,-20.08,-3.87,0.67,False,False,7.81,False
2025-11-28,6803,1.28,9.85,14.21,0.45,False,False,8.0,False
2025-11-28,4055,5.94,32.42,228.43,1.98,False,False,8.07,False
2025-11-28,421A,-3.22,-29.04,-49.73,0.54,False,False,8.47,False
2025-11-28,3997,-2.2,-21.88,-10.45,0.26,False,False,16.0,True
2025-11-28,7831,0.81,10.94,-41.34,0.38,False,False,10.0,True
2025-11-28,5721,-1.88,-16.12,-49.07,0.67,False,False,19.01,False
2025-11-28,7069,-4.69,-57.68,100.0,0.23,False,False,9.52,False
2025-11-28,6380,-0.63,-20.63,85.82,1.71,False,False,12.1,False
2025-11-28,7886,-8.97,-81.31,-86.42,0.07,False,False,8.71,False
2025-11-28,6016,0.24,-10.85,88.89,1.32,False,False,9.09,False
2025-11-28,6347,4.93,31.59,86.13,3.2,True,False,9.22,False
2025-11-28,2975,3.26,23.17,49.18,1.36,False,False,9.35,False
2025-11-28,6165,-3.09,-28.03,-43.19,0.44,False,False,16.43,False
2025-11-28,146A,-1.57,-10.87,-59.42,0.33,False,False,8.62,False
2025-11-28,7777,1.19,7.62,16.75,0.78,False,False,10.78,False
2025-11-28,4889,1.59,-0.96,125.83,1.27,False,False,11.95,False
2025-12-01,9978,7.79,51.96,4819.37,5.36,True,True,8.16,False
2025-12-01,6433,-1.43,-11.78,-38.08,0.39,False,False,9.02,False
2025-12-01,155A,-0.29,-3.16,-48.71,1.55,False,False,9.24,False
2025-12-01,5013,3.03,9.68,156.15,1.49,False,False,9.43,False
2025-12-01,206A,-0.08,-2.25,5.97,0.25,False,False,18.95,False
2025-12-01,3803,0.78,-1.82,87.74,0.26,False,False,15.48,False
2025-12-01,2385,4.24,12.1,260.2,1.28,False,False,15.56,False
2025-12-01,4446,8.16,84.34,13698.71,6.47,True,True,27.05,True
2025-12-01,3823,7.82,52.77,682.08,5.47,True,True,10.53,False
2025-12-01,6993,7.69,47.07,624.08,5.07,True,True,8.67,True
2025-12-01,4642,2.06,15.94,21.43,0.75,False,False,8.52,False
2025-12-01,5138,-1.84,-19.17,-14.64,0.66,False,False,8.05,False
2025-12-01,6190,5.47,30.34,209.65,1.12,False,False,7.92,True
2025-12-01,6470,-1.56,-10.3,-63.98,0.32,False,False,7.13,False
2025-12-01,2523,0.0,0.0,0.0,0.0,False,False,7.03,False
2025-12-01,6173,4.56,37.31,69.53,2.59,True,False,6.76,False
2025-12-01,4572,6.97,48.28,497.27,2.92,True,True,6.52,False
2025-12-01,6656,-1.54,-14.94,-17.05,0.37,False,False,6.45,False
2025-12-01,3181,-0.71,-15.92,60.44,0.82,False,False,6.37,False
2025-12-01,5121,3.49,16.49,135.99,1.46,False,False,6.34,False
2025-12-02,3553,-0.79,-5.65,-40.46,0.55,False,False,9.66,False
2025-12-02,6433,8.28,79.52,3780.57,6.84,True,True,9.97,False
2025-12-02,6666,0.25,-2.13,22.79,0.72,False,False,11.62,False
2025-12-02,5214,2.21,11.46,58.49,1.43,False,False,9.45,False
2025-12-02,8105,-5.76,-48.41,-93.4,0.04,False,False,42.0,False
2025-12-02,6440,0.54,-1.53,30.19,1.16,False,False,7.0,False
2025-12-02,7356,-4.05,-41.33,-12.76,0.65,False,False,9.64,False
2025-12-02,4664,1.92,-1.3,161.22,1.31,False,False,22.38,True
2025-12-02,303A,-2.06,-25.92,40.96,0.36,False,False,7.8,False
2025-12-02,4422,0.58,10.19,-58.62,0.43,False,False,6.24,False
2025-12-02,6533,-2.47,-23.3,-38.7,0.73,False,False,7.67,False
2025-12-02,6289,2.02,18.73,-37.83,1.58,False,False,5.46,False
2025-12-02,3997,6.48,51.56,545.63,1.44,False,True,5.79,False
2025-12-02,7946,-3.29,-34.29,12.5,0.04,False,False,5.95,False
2025-12-02,4234,0.62,-6.12,33.46,2.69,True,False,6.11,False
2025-12-02,3634,-2.06,-18.75,-20.0,0.05,False,False,7.48,False
2025-12-02,5033,4.62,37.69,103.35,1.77,False,False,6.34,False
2025-12-02,3444,-0.82,-8.29,-25.45,0.78,False,False,6.59,False
2025-12-02,1827,1.53,8.53,45.02,0.68,False,False,6.97,False
2025-12-03,7063,-0.08,2.03,-41.2,0.39,False,False,9.59,False
2025-12-03,6081,4.03,16.27,178.81,1.83,False,False,27.78,True
2025-12-03,4446,3.41,39.63,-46.34,2.61,True,False,10.12,False
2025-12-03,5724,-4.53,-42.71,-46.82,0.63,False,False,13.88,False
2025-12-03,3444,10.0,87.24,4088.64,12.48,True,True,14.44,True
2025-12-03,6276,-0.87,-6.42,-32.16,0.29,False,False,9.94,False
2025-12-03,7719,2.62,19.01,9.74,1.85,False,False,16.97,False
2025-12-03,7992,8.96,73.6,1265.77,8.88,True,True,22.22,False
2025-12-03,6664,7.92,63.94,7293.44,5.77,True,True,26.5,True
2025-12-03,303A,7.04,63.84,1197.26,3.12,True,True,27.24,False
2025-12-03,9271,1.46,8.95,38.2,0.55,False,False,9.17,False
2025-12-03,4579,9.17,54.85,797.59,9.51,True,True,14.69,True
2025-12-04,4425,9.76,87.72,2857.05,11.28,True,True,6.86,False
2025-12-04,4911,-0.94,-9.5,-19.26,0.59,False,False,7.03,False
2025-12-04,2982,-1.11,-9.3,-37.23,0.59,False,False,7.11,False
2025-12-04,3656,-0.29,-3.91,-26.08,1.09,False,False,7.29,False
2025-12-04,6480,-0.23,-3.74,-6.25,0.61,False,False,7.38,False
2025-12-04,339A,-1.45,-14.6,-31.39,0.97,False,False,7.52,False
2025-12-04,6506,4.52,28.51,108.57,1.76,False,False,8.21,False
2025-12-04,6507,2.25,18.75,7.12,0.9,False,False,10.06,False
2025-12-04,6324,0.12,2.56,-34.09,0.62,False,False,8.48,False
2025-12-04,6268,1.69,15.12,-12.23,0.89,False,False,10.16,False
2025-12-04,341A,-2.88,-30.45,-5.65,0.67,False,False,10.2,False
2025-12-04,6954,5.43,42.27,187.88,1.65,False,False,10.38,False
2025-12-04,4680,-0.04,-0.57,-23.8,0.76,False,False,10.89,False
2025-12-04,3444,9.83,79.88,7562.65,11.48,True,True,14.67,True
2025-12-04,6920,1.97,10.56,54.24,1.11,False,False,6.73,False
2025-12-04,6723,3.56,22.31,88.65,1.33,False,False,8.42,False
2025-12-04,4664,-0.33,4.52,-84.48,0.19,False,False,14.11,False
2025-12-04,6081,10.0,90.03,4439.53,12.65,True,True,32.48,True
2025-12-04,6190,3.79,43.1,12.78,1.98,False,False,14.69,True
2025-12-05,5138,-5.55,-45.78,-97.41,0.01,False,False,6.08,False
2025-12-05,6615,-1.29,-12.87,-17.74,0.54,False,False,21.99,True
2025-12-05,4664,8.63,72.89,799.52,7.89,True,True,21.58,True
2025-12-05,3444,10.0,83.52,876.22,14.63,True,True,17.33,True
2025-12-05,5817,-2.39,-31.48,27.69,1.44,False,False,14.93,True
2025-12-05,303A,4.63,51.02,58.82,3.13,True,False,11.89,False
2025-12-05,9610,4.47,43.78,-10.57,4.74,True,False,8.21,False
2025-12-05,1965,1.83,3.77,115.0,0.9,False,False,8.1,False
2025-12-05,4316,3.44,26.49,68.76,0.32,False,False,7.81,False
2025-12-05,6696,1.0,-3.56,59.05,2.31,True,False,24.54,False
2025-12-05,3121,-1.53,-13.34,-40.59,0.62,False,False,7.21,False
2025-12-05,264A,-6.1,-57.7,-46.39,0.4,False,False,7.05,False
2025-12-05,2436,3.96,28.31,32.95,2.39,True,False,6.81,False
2025-12-05,4387,6.7,42.12,236.36,4.01,True,True,6.7,False
2025-12-05,7685,1.75,11.32,32.15,0.9,False,False,6.59,False
2025-12-05,4062,0.67,-1.53,58.22,0.73,False,False,6.32,False
2025-12-05,4592,3.98,31.04,8.79,2.68,True,False,6.21,False
2025-12-05,4414,-0.09,-6.88,30.7,0.89,False,False,6.16,False
2025-12-05,290A,-0.94,-9.85,-13.56,0.55,False,False,7.59,False
2025-12-08,7220,1.81,12.15,21.42,1.13,False,False,7.58,False
2025-12-08,4575,0.56,8.25,-53.79,0.81,False,False,8.03,False
2025-12-08,3691,4.76,44.19,125.2,1.53,False,False,8.08,False
2025-12-08,4316,3.37,31.65,-5.55,1.29,False,False,8.14,False
2025-12-08,4588,-0.17,-1.75,-21.89,0.67,False,False,8.25,False
2025-12-08,2998,-1.82,-12.42,-65.92,0.24,False,False,8.26,False
2025-12-08,6994,3.35,6.17,212.62,1.83,False,False,8.28,False
2025-12-08,9878,4.78,48.31,81.03,2.92,True,False,11.23,False
2025-12-08,4238,-0.85,-10.16,1.16,0.47,False,False,10.13,False
2025-12-08,4662,0.17,-1.78,-4.56,1.19,False,False,10.74,False
2025-12-08,9610,1.15,10.04,-57.91,2.18,True,False,15.07,False
2025-12-08,3656,1.67,5.8,56.4,1.57,False,False,17.83,False
2025-12-08,2342,6.49,54.45,2045.3,1.48,False,True,18.24,True
2025-12-08,6993,-1.08,-6.7,-70.59,0.9,False,False,20.0,False
2025-12-08,4579,-0.59,-2.64,-70.2,1.14,False,False,20.19,True
2025-12-08,198A,2.64,20.0,-43.68,3.22,True,False,34.27,True
2025-12-08,206A,-5.58,-51.09,-64.67,0.53,False,False,8.77,False
2025-12-08,5216,-0.05,-3.23,16.99,0.32,False,False,37.21,True
2025-12-08,9612,-1.13,-8.73,-36.86,0.34,False,False,8.54,False
2025-12-09,3892,6.17,26.45,600.0,1.56,False,True,7.76,False
2025-12-09,2160,-1.82,-16.91,-38.64,0.78,False,False,5.99,False
2025-12-09,219A,8.67,66.73,1815.05,8.01,True,True,6.01,False
2025-12-09,1684,2.52,13.51,116.67,0.0,False,False,6.28,False
2025-12-09,6022,-0.57,-8.09,3.53,0.61,False,False,6.43,False
2025-12-09,5951,1.49,8.14,33.75,1.02,False,False,6.49,False
2025-12-09,3825,1.12,5.71,23.98,0.93,False,False,7.76,False
2025-12-09,2338,-1.31,-17.23,9.18,0.96,False,False,8.29,False
2025-12-09,5337,3.73,15.47,179.49,1.17,False,False,8.38,False
2025-12-09,155A,-2.84,-22.54,-65.9,0.21,False,False,9.11,False
2025-12-09,6558,0.03,-31.93,1050.0,0.66,False,False,8.7,False
2025-12-09,3656,7.72,47.96,328.25,5.17,True,True,10.36,False
2025-12-09,6433,9.27,39.06,2617.16,9.81,True,True,13.95,True
2025-12-09,157A,-1.95,-14.38,-54.17,0.09,False,False,14.19,False
2025-12-09,6629,6.48,33.91,154.16,5.82,True,True,14.25,False
2025-12-09,5252,-0.78,-24.17,142.86,0.61,False,False,16.84,True
2025-12-09,198A,10.0,66.38,782.01,12.65,True,True,19.8,True
2025-12-09,3444,4.12,30.07,-37.0,4.48,True,False,19.96,True
2025-12-09,6173,3.66,2.1,453.51,1.36,False,False,23.32,True
2025-12-09,202A,3.83,25.74,52.43,2.18,True,False,9.59,False
2025-12-10,4975,1.07,5.02,29.45,0.82,False,False,9.19,False
2025-12-10,6029,-0.46,-18.95,135.9,0.24,False,False,9.36,False
2025-12-10,2323,-0.95,-11.38,6.52,0.37,False,False,8.59,False
2025-12-10,8938,2.17,18.53,-30.96,1.87,False,False,8.24,False
2025-12-10,6666,-8.34,-76.12,-79.99,0.22,False,False,8.14,False
2025-12-10,4882,0.63,-6.06,81.67,1.26,False,False,8.04,False
2025-12-10,2459,-1.64,-23.6,58.17,0.41,False,False,9.58,False
2025-12-10,6231,-1.25,-5.56,-78.69,0.28,False,False,8.54,False
2025-12-10,6380,-6.08,-54.3,-75.23,0.31,False,False,11.57,False
2025-12-10,3350,1.6,-0.63,134.47,0.96,False,False,9.28,False
2025-12-10,7726,1.87,19.86,-72.83,1.84,False,False,14.91,True
2025-12-10,2437,4.24,38.85,67.26,1.7,False,False,20.75,False
2025-12-10,5817,4.58,44.15,-8.44,4.99,True,False,18.44,True
2025-12-10,5031,2.25,14.71,54.24,0.72,False,False,15.38,False
2025-12-10,2743,0.17,0.7,-16.61,0.79,False,False,45.95,False
2025-12-10,4572,-2.24,-15.25,-83.02,0.35,False,False,15.15,True
2025-12-10,3437,3.0,0.0,800.0,0.0,False,False,15.26,True
2025-12-10,4664,6.76,27.93,278.14,3.57,True,True,13.32,True
2025-12-11,7946,-1.92,-10.9,-85.71,0.09,False,False,5.13,False
2025-12-11,3174,1.04,6.23,17.6,0.73,False,False,5.2,False
2025-12-11,7031,7.42,53.7,437.84,4.25,True,True,8.32,False
2025-12-11,5341,1.24,-13.61,211.72,1.44,False,False,5.53,False
2025-12-11,3987,-0.12,-6.61,23.16,0.94,False,False,6.07,False
2025-12-11,3180,8.06,52.57,515.44,6.19,True,True,6.2,False
2025-12-11,4890,-2.78,-22.03,-69.25,0.34,False,False,6.8,False
2025-12-11,3672,4.23,30.91,97.89,0.75,False,False,7.02,False
2025-12-11,6840,0.27,9.5,-80.62,0.38,False,False,7.16,False
2025-12-11,4395,-0.31,5.35,-93.52,0.26,False,False,8.31,True
2025-12-11,6494,0.09,-1.27,-7.44,0.88,False,False,9.49,False
2025-12-11,3656,0.74,9.0,-66.24,1.51,False,False,10.21,False
2025-12-11,6666,6.53,25.56,492.71,2.93,True,True,10.49,False
2025-12-11,5575,6.68,46.7,253.97,3.43,True,True,10.58,False
2025-12-11,3985,-2.29,-19.95,-46.82,0.51,False,False,12.92,False
2025-12-11,2776,4.85,36.54,142.63,1.28,False,False,13.6,False
2025-12-11,5216,3.4,47.17,-25.37,1.95,False,False,15.12,False
2025-12-11,157A,6.2,40.93,601.24,0.6,False,True,17.85,True
2025-12-11,198A,5.79,49.76,50.89,6.83,True,False,25.43,False
2025-12-11,7640,7.12,50.19,707.39,3.37,True,True,9.33,False
2025-12-12,7256,-0.25,5.07,-88.71,0.39,False,False,8.59,False
2025-12-12,3224,7.17,36.72,1050.0,3.5,True,True,9.93,True
2025-12-12,4446,-2.82,-26.17,-28.39,0.25,False,False,8.77,False
2025-12-12,6093,2.52,17.24,16.98,1.89,False,False,9.36,False
2025-12-12,218A,6.33,42.75,277.46,1.65,False,True,9.45,False
2025-12-12,3656,-1.24,-12.82,-35.88,1.21,False,False,9.46,False
2025-12-12,3825,1.86,18.37,-61.78,1.93,False,False,10.32,False
2025-12-12,9166,1.68,5.65,77.59,1.03,False,False,7.32,False
2025-12-12,4588,-2.22,-18.97,-45.58,0.39,False,False,15.58,True
2025-12-12,7640,9.75,82.02,1612.07,11.26,True,True,15.96,False
2025-12-12,3111,1.52,10.54,-12.8,1.79,False,False,19.83,False
2025-12-12,6173,3.43,41.91,-37.2,2.39,True,False,21.49,False
2025-12-12,3954,-1.46,-12.17,-24.66,0.0,False,False,21.78,True
2025-12-12,6276,-4.21,-39.71,-29.95,0.17,False,False,8.25,False
2025-12-12,4422,1.01,-0.37,72.22,0.97,False,False,10.47,True
2025-12-12,7065,-2.34,-22.45,-28.33,0.56,False,False,7.59,False
2025-12-12,278A,6.98,35.6,312.56,2.95,True,True,8.24,False
2025-12-12,431A,-1.27,-19.5,39.38,0.85,False,False,7.58,False
2025-12-15,6993,-2.19,-17.11,-62.35,0.43,False,False,9.59,False
2025-12-15,280A,-0.15,1.06,-44.13,0.57,False,False,8.03,False
2025-12-15,7256,0.05,-3.51,-14.11,1.63,False,False,8.09,False
2025-12-15,438A,0.67,8.98,-33.62,0.32,False,False,8.1,False
2025-12-15,6039,-0.6,-6.44,-11.51,0.48,False,False,8.47,False
2025-12-15,6574,-1.17,-9.52,-36.62,0.45,False,False,8.91,False
2025-12-15,6197,10.0,87.5,2087.7,13.51,True,True,9.24,False
2025-12-15,7640,10.0,82.8,2197.18,13.0,True,True,9.96,False
2025-12-15,3825,0.94,-1.47,45.8,1.89,False,False,10.14,False
2025-12-15,6629,-2.08,-19.95,-58.7,1.52,False,False,10.36,False
2025-12-15,340A,-1.03,-17.16,28.9,1.2,False,False,12.53,False
2025-12-15,247A,-0.09,-2.48,-15.83,0.94,False,False,13.11,False
2025-12-15,8995,4.99,44.33,98.28,3.01,True,False,13.12,True
2025-12-15,4892,1.47,10.05,-1.89,1.46,False,False,14.51,False
2025-12-15,1948,8.39,54.51,285.99,7.58,True,True,16.06,False
2025-12-15,3593,-1.23,-11.39,-35.14,0.78,False,False,17.39,True
2025-12-15,2164,-0.18,-4.28,5.85,0.57,False,False,28.91,True
2025-12-15,5721,0.29,-4.11,41.15,0.86,False,False,43.33,True
2025-12-15,276A,-1.14,-12.29,-10.12,0.57,False,False,10.66,False
2025-12-16,4446,4.91,25.89,206.05,0.79,False,False,8.03,True
2025-12-16,3963,0.44,2.51,-29.28,1.45,False,False,8.62,False
2025-12-16,7992,-3.57,-29.34,-67.3,0.1,False,False,7.55,False
2025-12-16,8139,2.38,14.79,30.73,1.78,False,False,7.21,False
2025-12-16,9213,3.38,41.65,19.18,0.56,False,False,6.94,False
2025-12-16,7859,-1.39,-10.53,-54.89,0.63,False,False,6.33,False
2025-12-16,2820,0.33,-1.01,21.79,0.63,False,False,8.81,False
2025-12-16,143A,1.09,12.63,-50.0,0.97,False,False,5.95,False
2025-12-16,4166,10.0,99.25,50232.84,19.18,True,True,6.98,True
2025-12-16,5817,-3.18,-24.69,-89.45,0.54,False,False,8.86,False
2025-12-16,7034,7.31,31.18,408.64,3.94,True,True,8.39,False
2025-12-16,2437,-2.15,-21.1,-48.69,1.34,False,False,9.72,False
2025-12-16,168A,5.9,31.26,231.25,1.77,False,False,10.72,False
2025-12-16,5537,0.0,0.0,0.0,0.0,False,False,14.42,False
2025-12-16,4570,-5.53,-51.37,-48.39,0.27,False,False,19.48,False
2025-12-16,5131,-2.76,-25.06,-34.32,0.26,False,False,20.13,False
2025-12-16,8995,8.47,68.09,1102.19,7.4,True,True,22.23,True
2025-12-16,4572,4.28,43.16,69.44,1.76,False,False,22.5,True
2025-12-16,5240,2.51,9.63,136.79,0.55,False,False,27.57,True
2025-12-16,3776,4.62,26.71,148.4,1.39,False,False,9.39,False
2025-12-17,8127,7.17,36.92,731.05,3.5,True,True,10.33,False
2025-12-17,2437,4.0,-8.85,500.86,5.64,True,False,9.69,False
2025-12-17,2737,-0.26,-4.92,-3.93,0.81,False,False,8.13,False
2025-12-17,9166,5.16,42.46,107.11,3.28,True,False,7.5,False
2025-12-17,9361,0.0,0.0,0.0,0.0,False,False,6.46,False
2025-12-17,4175,8.59,46.32,982.94,7.77,True,True,6.67,False
2025-12-17,3892,-3.72,-32.89,-55.0,0.35,False,False,6.47,False
2025-12-17,285A,1.05,3.72,38.43,0.88,False,False,6.29,False
2025-12-17,3656,-0.36,-1.34,-56.52,1.02,False,False,6.87,False
2025-12-17,1491,3.33,17.26,110.1,1.52,False,False,11.25,False
2025-12-17,6629,-2.01,-23.58,-6.79,1.25,False,False,12.99,False
2025-12-17,4395,3.17,28.73,-44.94,2.25,True,False,14.72,False
2025-12-17,5240,10.0,96.8,9035.77,16.3,True,True,14.91,True
2025-12-17,5906,7.02,35.79,486.67,3.05,True,True,16.07,True
2025-12-17,3174,-2.0,-14.63,-61.43,0.22,False,False,16.34,True
2025-12-17,3444,-3.23,-26.89,-63.83,0.29,False,False,16.7,True
2025-12-17,5537,0.0,0.0,0.0,0.0,False,False,17.11,False
2025-12-17,8995,9.22,70.79,839.51,9.65,True,True,18.79,True
2025-12-17,9610,-3.58,-31.99,-43.48,0.15,False,False,12.9,False
2025-12-18,3224,-3.17,-26.81,-77.45,0.85,False,False,6.55,False
2025-12-18,2334,-1.08,-9.06,-33.87,0.5,False,False,8.64,False
2025-12-18,2342,0.21,1.91,-3.36,0.16,False,False,7.0,False
2025-12-18,5136,3.28,32.25,-26.47,1.62,False,False,8.08,False
2025-12-18,6347,-0.71,-4.67,-33.76,0.28,False,False,8.26,False
2025-12-18,4384,1.37,15.72,-72.86,1.59,False,False,8.44,False
2025-12-18,8894,5.54,54.66,174.05,2.39,True,False,8.51,False
2025-12-18,3267,0.51,0.53,35.62,0.3,False,False,8.76,False
2025-12-18,3712,7.78,50.37,659.09,5.34,True,True,6.47,False
2025-12-18,4446,2.92,24.46,17.58,0.89,False,False,10.19,False
2025-12-18,1662,0.92,7.6,-11.47,0.83,False,False,10.26,False
2025-12-18,6433,-1.13,-28.0,106.53,1.8,False,False,11.91,True
2025-12-18,5817,0.88,-27.79,323.69,1.97,False,False,12.35,False
2025-12-18,4479,1.01,5.84,-20.12,1.89,False,False,13.0,False
2025-12-18,4395,2.43,11.09,-23.14,4.66,True,False,22.79,False
2025-12-18,6184,-3.75,-32.12,-69.86,0.48,False,False,7.45,False
2025-12-18,8995,7.71,59.89,215.14,7.67,True,True,9.76,True
2025-12-18,157A,-4.28,-36.21,-70.96,0.16,False,False,7.7,False
2025-12-18,3021,0.93,2.76,-4.0,2.08,True,False,7.64,False
2025-12-19,6347,4.85,27.59,152.47,1.7,False,False,9.6,False
2025-12-19,212A,0.15,4.43,-68.82,1.19,False,False,7.51,False
2025-12-19,4199,-5.84,-54.46,-56.92,0.51,False,False,7.76,False
2025-12-19,4960,-2.43,-18.07,-70.03,0.23,False,False,8.91,False
2025-12-19,6425,-0.47,-1.78,-54.89,0.78,False,False,8.97,False
2025-12-19,6469,-0.63,-7.44,-4.91,0.48,False,False,9.02,False
2025-12-19,7273,1.16,4.15,33.99,1.21,False,False,9.45,False
2025-12-19,8938,7.02,59.19,1156.67,3.07,True,True,10.25,False
2025-12-19,247A,7.17,30.72,392.23,3.51,True,True,10.69,False
2025-12-19,6182,1.05,1.24,30.87,1.86,False,False,11.29,False
2025-12-19,3810,5.29,37.65,154.19,2.25,True,False,13.27,False
2025-12-19,5721,6.95,32.55,453.56,2.86,True,True,13.78,False
2025-12-19,6166,6.63,52.7,486.7,1.9,False,True,14.4,False
2025-12-19,5027,-0.32,-4.96,-4.29,0.67,False,False,15.74,False
2025-12-19,5817,2.01,15.52,11.67,1.03,False,False,16.0,False
2025-12-19,3954,-6.89,-61.51,-73.79,0.0,False,False,16.1,True
2025-12-19,6217,-3.06,-31.44,-4.76,0.4,False,False,22.03,True
2025-12-19,3936,-0.11,0.78,-42.88,0.73,False,False,35.83,False
2025-12-19,4784,0.27,0.88,-15.68,1.01,False,False,13.11,True
2025-12-22,6574,-0.49,-2.3,-59.03,0.99,False,False,6.67,False
2025-12-22,3512,-3.11,-28.25,-33.33,0.16,False,False,7.05,False
2025-12-22,7409,-0.9,-6.35,-45.29,0.57,False,False,6.42,False
2025-12-22,7279,0.03,-3.61,-7.82,1.41,False,False,6.92,False
2025-12-22,8938,2.34,26.56,-69.33,1.13,False,False,6.02,False
2025-12-22,1543,3.29,22.41,30.97,2.22,True,False,6.02,False
2025-12-22,7887,3.4,16.67,113.33,1.81,False,False,7.06,False
2025-12-22,5707,-3.06,-31.41,-22.71,0.92,False,False,6.33,False
2025-12-22,6563,-0.76,0.31,-88.24,0.28,False,False,8.44,False
2025-12-22,3997,5.66,29.62,237.25,0.98,False,False,8.29,False
2025-12-22,5240,2.09,22.54,-74.42,1.75,False,False,26.25,True
2025-12-22,6433,0.0,3.77,-59.78,0.66,False,False,9.71,True
2025-12-22,1783,3.63,33.29,27.06,1.07,False,False,10.0,False
2025-12-22,5618,9.66,65.09,998.63,10.98,True,True,11.01,False
2025-12-22,6629,-0.75,-2.91,-70.6,0.73,False,False,11.91,True
2025-12-22,1686,-2.63,-23.89,-23.81,0.0,False,False,11.98,False
2025-12-22,4255,3.49,24.17,89.74,0.54,False,False,15.18,False
2025-12-22,4316,-2.95,-26.73,-42.64,0.44,False,False,9.12,False
2025-12-23,4379,2.81,18.63,26.96,2.03,True,False,10.97,False
2025-12-23,6629,-0.41,-8.94,8.84,1.2,False,False,10.8,False
2025-12-23,4563,1.75,-2.55,164.65,1.09,False,False,10.71,False
2025-12-23,3719,0.94,14.01,-67.3,0.65,False,False,11.11,False
2025-12-23,2334,0.76,9.38,-36.25,0.56,False,False,10.55,False
2025-12-23,341A,-1.07,-9.35,-43.74,0.9,False,False,10.53,False
2025-12-23,6469,6.74,41.22,407.88,2.23,True,True,10.25,False
2025-12-23,7384,4.83,24.35,166.73,2.18,True,False,10.56,False
2025-12-23,3803,0.64,1.75,38.26,0.25,False,False,10.98,False
2025-12-23,4784,7.32,45.46,469.68,3.95,True,True,13.08,False
2025-12-23,6558,5.76,24.87,2433.33,0.82,False,False,11.11,False
2025-12-23,3667,-1.19,-11.83,-26.48,0.77,False,False,11.11,False
2025-12-23,4199,7.41,59.82,2903.57,4.24,True,True,9.92,False
2025-12-23,3856,10.0,79.89,13295.44,13.32,True,True,13.08,False
2025-12-23,7042,5.38,26.32,210.0,1.95,False,False,14.54,True
2025-12-23,5537,-5.31,-47.19,-59.06,0.0,False,False,16.59,False
2025-12-23,7138,9.7,96.82,12471.33,11.11,True,True,27.1,True
2025-12-23,2162,7.26,70.02,1593.15,3.78,True,True,9.17,False
2025-12-23,9235,1.0,1.59,-13.82,2.94,True,False,11.08,True
2025-12-23,4833,-0.08,-0.51,-22.45,0.59,False,False,9.59,False
2025-12-24,7694,3.99,23.61,100.9,1.85,False,False,9.07,False
2025-12-24,6721,-2.03,-15.0,-71.04,0.55,False,False,9.28,False
2025-12-24,9561,0.16,-4.49,28.41,0.99,False,False,7.63,False
2025-12-24,7138,9.89,84.62,39864.81,11.67,True,True,17.04,True
2025-12-24,7992,-3.45,-37.38,24.31,0.14,False,False,7.27,False
2025-12-24,3656,-2.55,-24.19,-26.28,0.4,False,False,7.19,False
2025-12-24,4424,1.66,7.15,88.86,0.16,False,False,9.93,False
2025-12-24,402A,7.15,47.41,362.51,3.44,True,True,7.29,False
2025-12-24,5707,7.87,59.05,789.22,5.61,True,True,10.15,False
2025-12-24,7381,-0.85,-5.95,-42.52,0.51,False,False,10.21,False
2025-12-24,4784,5.18,44.47,66.22,4.55,True,False,10.86,True
2025-12-24,8746,6.47,46.61,335.16,1.41,False,True,11.31,False
2025-12-24,1491,-1.55,-14.94,-42.26,1.1,False,False,13.18,False
2025-12-24,6433,-0.74,-17.32,65.45,1.02,False,False,13.61,False
2025-12-24,9647,3.13,18.57,127.27,0.0,False,False,15.2,False
2025-12-24,3719,4.18,11.97,245.4,1.59,False,False,16.81,False
2025-12-24,3512,7.39,72.26,3496.67,4.17,True,True,17.73,False
2025-12-24,8995,1.69,-21.28,3672.45,2.45,True,False,20.39,True
2025-12-24,6217,8.69,68.48,213.6,10.67,True,True,26.85,True
2025-12-25,241A,-0.99,-12.96,15.4,0.45,False,False,9.34,False
2025-12-25,5131,-4.32,-36.98,-72.33,0.31,False,False,9.09,False
2025-12-25,8013,-1.7,-15.39,-34.38,0.54,False,False,8.99,False
2025-12-25,2321,-1.8,-30.26,96.17,0.79,False,False,8.95,False
2025-12-25,6433,3.7,12.05,206.19,1.29,False,False,11.48,False
2025-12-25,3224,-4.69,-45.55,-23.96,0.31,False,False,8.03,False
2025-12-25,6254,2.88,20.56,-2.57,2.55,True,False,7.71,False
2025-12-25,6862,0.08,4.91,-53.03,0.37,False,False,10.1,False
2025-12-25,4011,1.05,7.39,-14.85,1.39,False,False,8.61,False
2025-12-25,2342,-3.33,-32.97,-8.21,0.16,False,False,10.59,False
2025-12-25,7746,4.87,36.19,166.25,0.63,False,False,12.33,False
2025-12-25,2334,1.82,5.83,88.46,1.05,False,False,11.76,False
2025-12-25,4664,-0.12,4.2,-63.58,0.28,False,False,11.97,False
2025-12-25,6217,5.14,40.83,34.83,5.39,True,False,12.7,True
2025-12-25,1844,0.5,1.22,-3.36,1.24,False,False,12.79,False
2025-12-25,4199,1.63,5.23,5.71,3.14,True,False,15.48,True
2025-12-25,9647,8.72,63.64,302.56,8.16,True,True,15.74,False
2025-12-25,4255,0.13,7.03,-79.6,0.68,False,False,16.08,False
2025-12-25,4570,-1.58,-12.79,-37.82,0.24,False,False,18.76,True
2025-12-26,7719,3.9,39.32,21.39,2.07,True,False,6.5,False
2025-12-26,4287,-1.94,-17.92,-25.91,0.33,False,False,6.67,False
2025-12-26,6433,2.91,23.19,22.04,1.11,False,False,6.46,False
2025-12-26,4199,3.27,0.48,138.7,5.5,True,False,9.94,False
2025-12-26,2978,-3.59,-30.73,-62.87,0.33,False,False,6.03,False
2025-12-26,3928,-0.26,0.64,-64.34,0.96,False,False,6.02,False
2025-12-26,4679,-0.94,-1.33,-95.36,0.44,False,False,5.91,False
2025-12-26,352A,0.07,6.26,-85.53,0.89,False,False,6.67,False
2025-12-26,6648,0.09,3.29,-53.17,0.89,False,False,6.38,False
2025-12-26,4784,6.42,35.32,140.79,6.04,True,True,6.73,False
2025-12-26,6993,-1.48,-13.27,-24.78,0.28,False,False,11.67,False
2025-12-26,6574,0.01,1.64,-44.24,0.87,False,False,7.34,False
2025-12-26,6046,-1.27,-9.01,-45.88,0.27,False,False,9.56,False
2025-12-26,280A,-3.16,-30.57,-38.13,0.83,False,False,13.5,True
2025-12-26,4588,-1.63,-15.77,-20.72,0.47,False,False,15.05,False
2025-12-26,5125,2.94,23.69,4.17,1.59,False,False,16.85,True
2025-12-26,7694,4.36,29.83,61.88,2.28,True,False,18.49,True
2025-12-26,5817,-3.49,-28.46,-78.48,0.42,False,False,24.37,False
2025-12-26,5590,1.42,8.13,19.98,1.22,False,False,7.08,False
2025-12-29,3512,0.02,2.44,-76.76,1.63,False,False,13.31,False
2025-12-29,4107,-0.66,-7.7,-35.48,1.4,False,False,12.66,False
2025-12-29,3997,-0.81,-9.85,-18.87,1.08,False,False,11.62,False
2025-12-29,1844,4.94,28.63,132.62,2.25,True,False,11.0,False
2025-12-29,2962,-3.52,-38.42,14.81,0.52,False,False,11.41,False
2025-12-29,3444,-1.69,-12.24,-55.75,0.27,False,False,13.85,True
2025-12-29,3777,1.54,18.01,-51.6,0.76,False,False,10.42,False
2025-12-29,6347,-0.89,-8.17,-43.38,1.08,False,False,11.48,False
2025-12-29,2342,5.8,45.65,259.65,0.6,False,False,14.48,False
2025-12-29,6993,0.9,-2.58,92.1,0.71,False,False,15.71,False
2025-12-29,6330,1.42,11.36,-44.63,2.2,True,False,15.12,False
2025-12-29,7774,-1.17,-14.82,-1.37,0.97,False,False,15.23,True
2025-12-29,6656,0.45,0.44,1.31,1.19,False,False,19.28,True
2025-12-29,7042,3.19,38.11,-52.7,2.15,True,False,19.86,True
2025-12-29,6537,-1.97,-31.16,76.71,1.15,False,False,25.08,True
2025-12-29,4570,6.4,39.6,447.76,1.2,False,True,26.16,True
2025-12-29,8798,2.31,12.82,59.62,1.3,False,False,28.57,True
2025-12-29,5724,1.82,19.47,-56.29,1.31,False,False,9.85,False
2025-12-29,4255,1.62,1.28,111.11,1.15,False,False,14.78,False
2025-12-29,6629,-0.74,-4.12,-65.08,0.97,False,False,9.61,False
2025-12-30,5125,10.0,93.27,12309.33,17.13,True,True,22.45,True
2025-12-30,280A,10.0,84.02,3663.24,12.05,True,True,16.13,True
2025-12-30,5939,1.76,6.54,111.11,0.0,False,False,12.07,False
2025-12-30,9245,-1.1,-17.72,17.76,1.5,False,False,6.52,False
2025-12-30,7774,8.39,53.24,726.24,7.18,True,True,6.32,False
2025-12-30,6648,7.96,45.26,830.32,5.87,True,True,6.39,False
2025-12-30,3512,1.89,-2.34,92.02,3.62,True,False,6.51,False
2025-12-30,4177,-0.48,-6.73,-14.1,0.99,False,False,6.97,False
2025-12-30,6522,-0.14,-0.53,-34.37,0.78,False,False,7.89,False
2025-12-30,3681,0.37,1.88,-7.6,0.79,False,False,13.91,False
2025-12-30,7064,,0.0,,0.0,False,False,8.29,False
2025-12-30,1541,5.68,19.39,243.78,3.92,True,False,9.79,False
2025-12-30,6918,-0.62,-5.31,-26.46,0.54,False,False,9.8,False
2025-12-30,2540,-1.86,-20.26,-17.34,1.02,False,False,9.82,False
2025-12-30,4199,4.64,43.23,70.22,2.83,True,False,11.11,False
2025-12-30,7036,3.8,38.1,70.37,0.28,False,False,11.4,False
2025-12-30,7746,-2.27,-18.54,-76.35,1.04,False,False,11.45,False
2025-12-30,4588,5.14,29.81,176.63,1.17,False,False,9.23,False
2026-01-05,7689,-3.19,-22.34,-98.46,0.07,False,False,8.57,False
2026-01-05,6335,-2.21,-16.52,-70.9,0.45,False,False,8.41,False
2026-01-05,7138,-0.11,-22.53,168.54,1.39,False,False,8.0,False
2026-01-05,3106,1.97,16.62,6.62,0.72,False,False,7.47,False
2026-01-05,9311,-0.32,2.38,-55.56,0.0,False,False,7.44,False
2026-01-05,2667,-5.83,-60.31,-6.56,0.79,False,False,8.89,False
2026-01-05,6558,-2.15,-37.88,150.0,0.42,False,False,8.24,False
2026-01-05,4572,-2.14,-19.32,-28.96,0.25,False,False,8.94,False
2026-01-05,350A,-1.43,-8.14,-77.92,0.48,False,False,8.43,False
2026-01-05,334A,1.18,11.34,-25.79,0.92,False,False,9.71,False
2026-01-05,3719,-7.29,-70.41,-37.98,0.39,False,False,9.77,False
2026-01-05,6537,9.59,79.34,3357.62,10.78,True,True,9.97,False
2026-01-05,8938,-3.18,-25.07,-77.09,0.3,False,False,10.55,False
2026-01-05,6433,-2.52,-19.26,-73.51,0.43,False,False,11.17,True
2026-01-05,3777,2.48,3.95,157.61,1.52,False,False,11.32,False
2026-01-05,5125,9.27,72.62,1416.52,9.8,True,True,14.88,True
2026-01-05,4199,5.21,38.36,-7.35,6.84,True,False,18.12,True
2026-01-05,4360,0.75,3.17,0.0,1.31,False,False,8.96,False
2026-01-06,5246,-1.36,-19.17,14.87,1.22,False,False,8.75,False
2026-01-06,303A,-0.59,-6.28,-5.88,0.28,False,False,8.33,False
2026-01-06,4783,7.89,46.05,711.08,5.67,True,True,8.13,False
2026-01-06,9419,-2.37,-18.65,-71.24,0.61,False,False,7.38,False
2026-01-06,253A,6.65,24.43,577.78,3.62,True,True,7.71,False
2026-01-06,1491,0.34,6.41,-66.94,1.1,False,False,7.5,False
2026-01-06,3195,5.41,30.06,173.3,2.03,True,False,8.87,False
2026-01-06,4894,-0.27,-1.81,-41.65,0.98,False,False,7.3,False
2026-01-06,460A,-0.51,-5.0,-15.68,0.43,False,False,7.73,False
2026-01-06,6366,5.72,29.09,189.3,2.75,True,False,8.93,False
2026-01-06,5726,-1.0,-13.52,8.8,0.78,False,False,10.97,False
2026-01-06,3512,-1.26,-7.07,-78.7,0.69,False,False,9.79,False
2026-01-06,194A,3.47,30.68,12.7,1.02,False,False,10.47,False
2026-01-06,2138,-2.0,-19.67,-20.31,0.51,False,False,11.68,False
2026-01-06,7771,8.5,72.32,3785.83,7.51,True,True,13.25,True
2026-01-06,4530,3.36,23.0,54.65,1.53,False,False,15.81,True
2026-01-06,9327,0.86,2.61,27.34,0.99,False,False,21.11,False
2026-01-06,6731,1.87,9.25,58.66,1.08,False,False,35.14,False
2026-01-06,4888,-0.57,-11.8,27.0,1.02,False,False,39.05,True
2026-01-06,8746,-4.74,-46.52,-31.53,0.67,False,False,9.63,False
2026-01-07,7719,-5.3,-67.12,121.09,0.62,False,False,11.22,False
2026-01-07,2586,0.47,3.31,-26.79,1.22,False,False,11.11,False
2026-01-07,2437,-0.91,-13.08,23.23,0.49,False,False,10.84,False
2026-01-07,157A,-0.08,-4.94,32.71,0.26,False,False,9.22,False
2026-01-07,3667,7.3,34.05,599.63,3.91,True,True,9.23,False
2026-01-07,1515,3.26,12.29,132.38,2.11,True,False,8.84,False
2026-01-07,241A,7.75,63.26,3607.46,5.25,True,True,12.59,True
2026-01-07,7067,-4.66,-46.55,0.0,0.0,False,False,9.45,False
2026-01-07,6433,-0.58,-18.92,103.19,0.83,False,False,12.63,False
2026-01-07,338A,-3.16,-30.8,-37.85,0.9,False,False,10.69,True
2026-01-07,4082,-0.92,-5.72,-58.29,0.69,False,False,12.94,True
2026-01-07,6993,0.6,6.33,-40.32,1.13,False,False,13.45,False
2026-01-07,3444,1.05,11.62,-38.12,0.82,False,False,13.76,True
2026-01-07,5304,-0.94,-15.32,26.19,0.99,False,False,14.12,False
2026-01-07,4491,7.78,47.39,391.3,5.34,True,True,12.7,False
2026-01-07,7078,-1.8,-23.52,12.72,1.26,False,False,15.45,False
2026-01-07,6977,-0.85,-12.36,38.46,0.0,False,False,15.5,True
2026-01-07,4588,0.46,8.07,-69.56,1.04,False,False,16.79,False
2026-01-07,4814,-2.48,-22.56,-40.92,0.55,False,False,20.54,True
2026-01-08,2667,5.69,36.04,173.69,2.86,True,False,8.89,False
2026-01-08,5721,-3.38,-31.39,-38.42,0.43,False,False,8.62,False
2026-01-08,4412,-2.59,-23.52,-63.05,1.16,False,False,8.34,False
2026-01-08,5955,5.18,30.2,174.19,1.32,False,False,8.24,False
2026-01-08,9342,-1.78,-15.67,-45.87,0.74,False,False,7.59,False
2026-01-08,7711,-1.71,-16.59,-31.03,0.79,False,False,7.86,False
2026-01-08,334A,-0.59,1.13,-85.22,0.44,False,False,7.6,False
2026-01-08,3110,2.31,15.34,39.55,1.15,False,False,10.51,False
2026-01-08,6495,2.61,15.48,63.37,1.28,False,False,8.07,False
2026-01-08,3692,0.51,5.01,-21.95,0.68,False,False,10.55,False
2026-01-08,3892,1.0,2.88,37.78,1.01,False,False,11.26,False
2026-01-08,7450,1.32,9.93,3.57,0.87,False,False,13.3,False
2026-01-08,4491,8.21,54.68,521.88,6.63,True,True,17.38,True
2026-01-08,241A,10.0,88.86,8638.5,12.4,True,True,17.1,True
2026-01-08,7074,0.24,-7.74,75.78,0.76,False,False,16.35,False
2026-01-08,7067,6.0,75.28,957.14,0.0,False,True,19.45,False
2026-01-08,6227,4.61,21.86,168.67,2.21,True,False,16.12,False
2026-01-08,6085,-2.45,-19.84,-61.17,0.43,False,False,15.38,False
2026-01-08,9227,2.96,4.43,162.88,2.68,True,False,13.33,True
2026-01-08,5974,8.08,64.02,901.47,6.25,True,True,16.21,True
2026-01-09,446A,-3.25,-31.27,-30.46,0.56,False,False,7.55,False
2026-01-09,4412,-1.0,-20.02,29.84,2.11,False,False,10.14,False
2026-01-09,3350,0.79,7.97,-40.12,1.18,False,False,7.57,False
2026-01-09,9327,-0.6,2.73,-96.26,0.28,False,False,7.73,False
2026-01-09,5243,2.5,16.27,33.8,1.61,False,False,7.79,False
2026-01-09,7063,-4.88,-53.05,23.08,0.59,False,False,8.09,False
2026-01-09,4446,0.53,6.74,-34.09,0.58,False,False,8.5,False
2026-01-09,3070,-0.39,-1.45,-41.37,0.5,False,False,7.5,False
2026-01-09,9227,7.78,49.69,692.01,5.35,True,True,8.75,False
2026-01-09,7500,3.0,0.0,450.0,0.0,False,False,10.34,False
2026-01-09,6731,2.17,22.01,-70.95,2.04,True,False,12.24,False
2026-01-09,3681,-7.33,-68.26,-63.37,0.38,False,False,10.79,False
2026-01-09,5724,7.29,26.35,456.22,4.96,True,True,11.77,False
2026-01-09,6573,-0.42,-9.94,34.23,0.69,False,False,12.16,False
2026-01-09,6330,1.73,-0.6,98.4,2.43,True,False,13.23,False
2026-01-09,3444,2.29,8.26,84.8,1.84,False,False,15.18,False
2026-01-09,2323,-1.61,-16.43,-12.78,0.49,False,False,15.85,False
2026-01-09,4833,7.85,68.52,1209.07,5.56,True,True,21.84,False
2026-01-09,4440,2.51,18.07,24.42,1.37,False,False,24.37,True
2026-01-09,5253,0.68,-1.0,30.86,1.43,False,False,10.38,False
2026-01-13,5699,-0.14,5.23,-81.32,0.45,False,False,7.24,False
2026-01-13,4572,-1.21,-21.68,83.41,0.39,False,False,7.18,False
2026-01-13,5724,4.17,34.87,27.72,2.67,True,False,7.04,True
2026-01-13,7506,0.0,-11.45,85.71,0.87,False,False,6.52,False
2026-01-13,3513,0.12,-0.13,-13.01,0.78,False,False,6.97,False
2026-01-13,9818,0.0,0.0,0.0,0.0,False,False,6.69,False
2026-01-13,4593,-0.91,-7.64,-26.35,0.36,False,False,7.61,False
2026-01-13,5729,0.87,12.16,-66.94,0.98,False,False,6.52,False
2026-01-13,6619,1.01,4.38,20.23,1.1,False,False,7.01,False
2026-01-13,7434,-2.91,-24.14,-50.0,0.0,False,False,7.64,False
2026-01-13,8746,-0.62,-12.76,36.78,0.87,False,False,12.9,False
2026-01-13,9768,0.13,1.98,-42.97,1.1,False,False,9.77,False
2026-01-13,2962,-0.03,-0.38,-28.93,0.89,False,False,10.07,False
2026-01-13,7271,-0.34,-8.81,26.09,0.86,False,False,10.47,False
2026-01-13,3856,-0.1,1.57,-35.72,0.31,False,False,14.57,False
2026-01-13,5707,-0.69,-7.92,-25.79,1.07,False,False,15.27,True
2026-01-13,6085,9.45,78.55,7337.74,10.34,True,True,20.1,False
2026-01-13,7771,-0.39,0.94,-85.66,1.12,False,False,27.08,True
2026-01-13,4422,3.69,21.12,123.64,1.01,False,False,34.32,False
2026-01-13,4125,-0.23,2.57,-63.1,0.42,False,False,8.01,False
2026-01-14,4960,-1.07,-15.08,26.39,0.53,False,False,9.04,False
2026-01-14,1844,0.96,2.36,52.74,0.58,False,False,10.74,False
2026-01-14,7794,1.7,7.67,62.28,0.94,False,False,8.94,False
2026-01-14,1887,3.74,16.48,136.09,2.18,True,False,13.24,False
2026-01-14,3350,-1.49,-17.38,-10.86,1.06,False,False,8.04,False
2026-01-14,5967,2.33,8.73,122.22,0.71,False,False,7.88,False
2026-01-14,8995,0.59,-4.06,94.84,0.15,False,False,11.0,False
2026-01-14,3023,1.71,6.72,43.02,1.81,False,False,8.56,False
2026-01-14,7271,7.16,45.37,381.33,3.48,True,True,11.01,False
2026-01-14,6167,1.49,6.56,24.55,1.76,False,False,10.89,True
2026-01-14,1491,-0.63,-9.69,-8.78,1.26,False,False,11.78,False
2026-01-14,3103,1.7,10.18,14.83,1.6,False,False,11.14,False
2026-01-14,4100,2.32,21.07,-19.72,1.22,False,False,14.5,False
2026-01-14,4833,2.93,33.83,-57.71,1.52,False,False,23.23,False
2026-01-14,9227,4.57,47.29,62.63,2.84,True,False,17.02,True
2026-01-14,6573,5.36,42.59,183.32,1.59,False,False,15.0,False
2026-01-14,3896,1.17,11.07,-17.89,0.72,False,False,12.94,True
2026-01-14,6330,-2.0,-12.54,-85.31,0.33,False,False,12.35,True
2026-01-14,6474,3.3,9.55,159.08,2.28,True,False,12.0,False
2026-01-14,157A,-3.0,-25.04,-53.59,0.12,False,False,16.91,True
2026-01-15,2345,1.06,6.6,28.82,0.34,False,False,12.15,False
2026-01-15,6629,-0.36,-15.07,106.51,0.23,False,False,12.85,False
2026-01-15,9337,3.24,24.53,22.35,1.68,False,False,13.16,False
2026-01-15,7859,-1.89,-23.05,31.54,0.3,False,False,13.17,False
2026-01-15,6993,-1.1,-18.42,44.62,0.9,False,False,13.6,False
2026-01-15,338A,0.04,-7.83,38.92,1.31,False,False,14.38,False
2026-01-15,5243,1.45,11.86,-22.69,1.48,False,False,14.43,True
2026-01-15,6182,-1.47,-14.65,-14.43,0.43,False,False,14.85,True
2026-01-15,280A,-1.46,-14.84,-5.19,0.24,False,False,14.1,False
2026-01-15,336A,1.85,5.8,74.08,1.6,False,False,15.41,True
2026-01-15,4422,8.48,68.98,16044.72,7.44,True,True,34.89,True
2026-01-15,7711,8.75,64.81,687.0,8.26,True,True,15.09,False
2026-01-15,6167,9.04,66.4,1260.0,9.12,True,True,20.83,False
2026-01-15,5724,2.87,12.31,60.38,3.09,True,False,19.73,True
2026-01-15,2195,0.85,0.65,41.38,1.1,False,False,22.82,True
2026-01-15,6330,-0.63,-12.74,9.51,1.65,False,False,17.17,True
2026-01-15,5597,2.84,24.23,-62.09,3.1,True,False,17.07,False
2026-01-15,5721,4.2,27.94,104.73,1.07,False,False,16.94,False
2026-01-15,6613,-0.48,-20.33,98.47,1.69,False,False,17.96,False
2026-01-16,3236,4.09,37.92,68.19,1.24,False,False,9.6,False
2026-01-16,255A,3.21,26.58,-29.8,2.55,True,False,8.51,False
2026-01-16,5997,-6.01,-53.49,-78.48,0.36,False,False,8.66,False
2026-01-16,6228,-0.45,-5.26,-20.87,0.84,False,False,8.66,False
2026-01-16,6266,1.21,8.82,-6.05,1.17,False,False,8.75,False
2026-01-16,6237,-1.38,-12.98,-41.2,0.98,False,False,8.93,False
2026-01-16,6634,5.7,20.43,364.34,1.97,False,False,9.02,False
2026-01-16,6521,-0.57,-10.34,-0.49,1.42,False,False,9.81,False
2026-01-16,4004,2.11,14.36,11.95,1.67,False,False,9.0,False
2026-01-16,4707,0.02,-4.86,28.85,0.65,False,False,12.24,False
2026-01-16,265A,2.74,17.66,41.38,1.67,False,False,15.53,False
2026-01-16,2667,-3.09,-29.52,-47.04,0.99,False,False,14.9,False
2026-01-16,4260,5.04,25.57,182.5,1.97,False,False,14.33,False
2026-01-16,7777,1.22,12.85,-39.83,0.99,False,False,14.01,True
2026-01-16,3138,0.43,9.12,-64.17,0.47,False,False,17.05,True
2026-01-16,6081,-0.48,-5.73,-11.86,0.63,False,False,36.28,True
2026-01-16,2778,-0.35,-6.02,6.63,0.55,False,False,13.18,False
2026-01-16,8746,2.53,25.98,-35.61,0.86,False,False,12.47,False
2026-01-16,6663,-0.68,-18.28,81.27,1.02,False,False,13.21,False
2026-01-16,7506,1.55,17.88,-73.9,1.5,False,False,10.6,False
2026-01-19,6993,5.53,40.07,178.61,2.23,True,False,11.84,False
2026-01-19,4098,3.15,20.3,54.24,1.74,False,False,9.62,False
2026-01-19,6594,-0.02,-0.99,-18.76,0.81,False,False,9.93,False
2026-01-19,2805,0.53,1.4,11.8,0.81,False,False,10.12,False
2026-01-19,4490,3.26,28.73,-4.59,1.31,False,False,10.16,False
2026-01-19,5724,1.29,6.54,-9.4,2.19,True,False,10.68,False
2026-01-19,7065,0.52,10.04,-87.53,1.16,False,False,11.09,False
2026-01-19,7280,0.94,12.63,-68.52,1.1,False,False,11.5,True
2026-01-19,290A,-0.74,-12.24,21.09,0.81,False,False,11.57,False
2026-01-19,186A,1.73,-7.93,145.93,3.2,True,False,13.59,False
2026-01-19,5698,4.97,44.55,60.88,4.1,True,False,14.84,True
2026-01-19,4594,6.63,44.32,1184.29,1.89,False,True,17.19,False
2026-01-19,130A,2.12,13.35,70.92,0.23,False,False,18.22,True
2026-01-19,4572,-2.18,-20.38,-27.12,0.38,False,False,19.18,True
2026-01-19,1401,1.47,11.29,-8.18,1.28,False,False,19.64,False
2026-01-19,4082,3.97,-8.7,301.93,5.52,True,False,22.29,True
2026-01-19,6085,-5.4,-51.56,-52.12,0.82,False,False,24.62,True
2026-01-19,4596,7.12,57.9,235.55,5.31,True,True,31.37,False
2026-01-19,6580,1.34,0.3,79.9,1.55,False,False,14.75,False
2026-01-19,198A,7.71,84.32,3920.94,5.14,True,True,42.28,True
2026-01-20,5939,-1.9,-17.86,-33.33,0.65,False,False,9.2,False
2026-01-20,2936,0.32,5.53,-49.31,0.79,False,False,8.65,False
2026-01-20,5817,-0.39,-5.82,4.81,0.45,False,False,7.91,False
2026-01-20,2585,3.92,15.33,185.51,1.6,False,False,6.45,False
2026-01-20,6347,-3.07,-21.72,-90.97,0.05,False,False,7.74,False
2026-01-20,4579,-2.97,-38.16,40.93,1.3,False,False,7.0,False
2026-01-20,1783,5.67,23.23,755.34,1.03,False,False,6.25,False
2026-01-20,2586,0.07,0.72,-27.58,0.82,False,False,7.84,False
2026-01-20,157A,-1.31,-7.57,-81.18,0.77,False,False,9.71,False
2026-01-20,1948,-1.93,-19.63,-14.41,0.54,False,False,11.5,False
2026-01-20,3323,-1.41,-13.56,-29.63,0.73,False,False,10.53,False
2026-01-20,6558,3.73,4.0,860.0,0.99,False,False,10.14,False
2026-01-20,3853,5.09,38.5,144.53,1.93,False,False,28.7,True
2026-01-20,4361,3.94,22.03,98.48,2.25,True,False,26.32,True
2026-01-20,6166,1.1,13.15,-32.87,0.35,False,False,21.38,False
2026-01-20,6063,-0.23,4.12,-74.07,0.31,False,False,16.91,True
2026-01-20,3747,2.61,24.39,-21.13,1.13,False,False,17.96,False
2026-01-20,3204,4.88,24.75,169.34,2.14,True,False,12.98,False
2026-01-20,3997,0.79,3.55,16.54,0.8,False,False,12.35,True
2026-01-20,7138,-0.84,-3.54,-54.41,0.19,False,False,21.33,False
2026-01-21,5803,0.93,4.73,12.18,1.0,False,False,8.8,False
2026-01-21,4062,-0.13,-1.48,-37.86,1.2,False,False,8.98,False
2026-01-21,7184,5.09,25.85,145.51,3.14,True,False,9.49,False
2026-01-21,4679,2.93,36.79,-44.42,1.13,False,False,9.8,False
2026-01-21,3110,1.63,13.54,-22.14,1.49,False,False,10.21,False
2026-01-21,6525,-1.48,-12.45,-42.65,0.57,False,False,10.45,False
2026-01-21,4960,6.78,42.53,912.88,2.34,True,True,11.88,True
2026-01-21,5801,3.61,22.42,63.13,2.21,True,False,12.17,False
2026-01-21,3848,7.2,50.11,354.76,3.61,True,True,11.06,False
2026-01-21,6227,-1.72,-13.87,-55.9,0.68,False,False,13.62,False
2026-01-21,157A,9.24,44.76,1386.26,9.72,True,True,14.26,False
2026-01-21,6323,-1.34,-8.98,-73.45,0.87,False,False,14.81,False
2026-01-21,7746,3.91,28.81,-3.73,3.19,True,False,15.49,False
2026-01-21,5243,0.79,0.73,-7.29,2.37,True,False,16.35,False
2026-01-21,2437,1.82,8.3,58.83,1.2,False,False,18.82,True
2026-01-21,2667,-0.41,0.98,-68.89,0.54,False,False,20.59,False
2026-01-21,6696,-2.13,-21.82,-15.47,0.61,False,False,22.58,False
2026-01-21,9818,-4.27,-50.0,72.73,0.0,False,False,25.48,True
2026-01-21,3370,1.91,7.41,95.92,0.63,False,False,13.04,False
2026-01-21,6081,2.85,28.14,-75.2,2.37,True,False,35.29,True
2026-01-22,9984,0.47,-2.15,31.9,1.1,False,False,7.86,False
2026-01-22,8624,-1.58,-11.17,-61.44,0.45,False,False,7.71,False
2026-01-22,2778,8.79,31.78,524.54,8.36,True,True,7.33,False
2026-01-22,6337,4.28,19.18,175.0,1.85,False,False,7.58,False
2026-01-22,2345,-4.41,-36.63,-79.67,0.16,False,False,7.38,False
2026-01-22,7779,0.06,0.15,-37.79,1.28,False,False,7.34,False
2026-01-22,3110,0.77,5.67,-30.11,1.51,False,False,7.59,False
2026-01-22,6787,1.69,12.8,0.21,1.22,False,False,8.05,False
2026-01-22,6266,0.37,1.33,-23.45,1.43,False,False,9.03,False
2026-01-22,6338,-0.24,0.28,-50.09,0.69,False,False,8.66,False
2026-01-22,6955,-0.58,-4.03,-49.77,0.96,False,False,8.59,False
2026-01-22,7602,1.59,6.25,92.37,0.11,False,False,23.81,False
2026-01-22,7771,-0.53,-24.67,142.73,1.53,False,False,17.05,False
2026-01-22,4351,6.29,53.58,231.71,2.91,True,True,16.72,True
2026-01-22,7902,-2.03,-13.64,-79.17,0.38,False,False,10.77,False
2026-01-22,7477,6.0,73.32,6687.5,0.0,False,True,10.95,False
2026-01-22,3918,0.16,5.49,-70.37,0.95,False,False,9.75,False
2026-01-22,2437,8.2,64.92,1403.72,6.6,True,True,9.09,False
2026-01-22,4237,8.69,63.04,1062.25,8.07,True,True,11.28,True
2026-01-23,402A,-0.56,-5.86,-26.9,0.89,False,False,7.91,False
2026-01-23,4169,-1.1,-8.23,-38.76,0.34,False,False,8.36,False
2026-01-23,7409,-0.3,-4.84,-0.35,0.55,False,False,8.48,False
2026-01-23,6993,-1.04,-11.1,-36.04,1.28,False,False,8.53,False
2026-01-23,4199,-3.64,-29.67,-70.18,0.09,False,False,8.66,False
2026-01-23,1447,-0.47,-1.38,-53.71,0.62,False,False,8.88,False
2026-01-23,4082,-2.31,-22.53,-50.65,1.36,False,False,8.88,False
2026-01-23,7138,-0.9,-2.63,-73.14,0.27,False,False,9.95,False
2026-01-23,4584,10.0,80.55,2027.2,12.36,True,True,10.22,False
2026-01-23,3103,0.42,-1.81,8.78,1.55,False,False,10.48,False
2026-01-23,157A,3.03,27.25,-61.75,2.76,True,False,13.12,False
2026-01-23,4098,10.0,79.97,1311.54,13.21,True,True,14.24,False
2026-01-23,6330,-2.8,-28.59,-10.61,0.5,False,False,14.64,False
2026-01-23,2164,-5.66,-57.47,-12.73,0.64,False,False,14.96,False
2026-01-23,7746,-2.23,-17.22,-74.42,0.72,False,False,15.49,False
2026-01-23,5216,9.2,68.1,250.21,11.09,True,True,20.23,True
2026-01-23,4875,-3.46,-31.27,-46.79,0.41,False,False,10.07,False
2026-01-23,441A,1.08,-1.16,85.52,1.03,False,False,13.32,False
2026-01-23,7602,6.91,91.07,3179.67,2.72,True,True,7.77,False
2026-01-23,3823,0.86,0.38,45.83,1.07,False,False,7.84,False
2026-01-26,2332,10.0,94.61,10652.38,13.97,True,True,9.19,False
2026-01-26,2667,2.51,26.92,-72.62,1.63,False,False,8.36,False
2026-01-26,8617,3.94,0.22,430.37,2.77,True,False,8.95,False
2026-01-26,6993,-1.3,-17.75,7.57,1.21,False,False,11.51,False
2026-01-26,5707,0.41,-12.08,117.96,1.32,False,False,8.37,False
2026-01-26,194A,0.66,3.47,16.77,0.44,False,False,8.67,False
2026-01-26,4888,2.44,17.65,57.24,0.32,False,False,9.32,False
2026-01-26,3853,-2.09,-20.26,-55.08,1.47,False,False,11.31,False
2026-01-26,6085,-5.32,-44.83,-89.4,0.17,False,False,11.47,False
2026-01-26,3070,9.76,87.49,6600.84,11.27,True,True,15.84,True
2026-01-26,1673,1.45,10.03,7.26,1.11,False,False,8.18,False
2026-01-26,198A,-4.16,-35.89,-72.84,0.48,False,False,14.29,False
2026-01-26,3168,-3.17,-28.16,-58.19,0.67,False,False,14.69,True
2026-01-26,4422,-6.8,-61.79,-64.02,0.07,False,False,8.27,False
2026-01-26,6342,-1.49,-30.19,125.0,0.85,False,False,17.01,True
2026-01-26,4351,10.0,87.32,2647.79,15.21,True,True,18.11,True
2026-01-26,4596,-3.12,-38.38,-9.16,2.42,False,False,20.0,False
2026-01-26,1447,7.08,42.73,498.96,3.23,True,True,20.97,False
2026-01-26,3896,-6.28,-62.92,-20.1,0.62,False,False,13.74,False
2026-01-26,7602,6.66,66.32,2020.31,1.99,False,True,26.98,False
2026-01-27,4570,-0.49,-4.4,-9.84,0.14,False,False,11.14,False
2026-01-27,6342,8.22,69.78,1616.67,6.67,True,True,26.14,False
2026-01-27,6330,-1.56,-14.41,-24.63,0.38,False,False,10.74,False
2026-01-27,7602,5.96,59.96,90.36,6.18,True,False,15.64,False
2026-01-27,3853,-0.58,-38.01,238.21,2.52,False,False,12.61,False
2026-01-27,9235,-2.46,-20.13,-52.37,0.22,False,False,14.52,True
2026-01-27,4888,7.07,73.43,867.49,3.21,True,True,23.08,False
2026-01-27,7794,-1.82,-20.54,3.66,0.58,False,False,16.01,True
2026-01-27,3103,0.44,0.32,-3.71,1.33,False,False,15.24,True
2026-01-27,4620,2.88,16.89,62.5,1.69,False,False,10.97,False
2026-01-27,5216,5.44,43.23,42.02,6.06,True,False,9.91,False
2026-01-27,198A,-3.36,-39.48,20.27,1.17,False,False,9.64,False
2026-01-27,6525,0.62,4.81,-22.04,1.07,False,False,7.81,False
2026-01-27,1844,-2.98,-27.55,-30.87,0.25,False,False,7.91,False
2026-01-27,7992,1.12,2.27,78.27,0.33,False,False,7.76,False
2026-01-27,7810,-2.34,-18.09,-63.41,0.3,False,False,9.46,False
2026-01-27,1514,3.47,15.38,149.12,1.31,False,False,18.36,True
2026-01-27,4446,-0.58,-11.72,35.87,0.68,False,False,11.21,False
2026-01-27,6787,2.12,10.16,43.75,2.0,True,False,7.74,False
2026-01-27,3513,-2.67,-22.4,-51.24,0.26,False,False,7.49,False
2026-01-28,5729,-0.72,-4.97,-35.71,0.41,False,False,11.69,False
2026-01-28,4240,-3.28,-30.59,-31.5,0.27,False,False,11.95,False
2026-01-28,6614,-1.71,-17.14,-13.16,0.4,False,False,7.56,False
2026-01-28,7138,-2.39,-18.83,-60.05,0.27,False,False,15.92,False
2026-01-28,6366,-0.32,-2.1,-26.3,0.45,False,False,16.86,True
2026-01-28,4960,7.14,53.54,10935.59,3.43,True,True,23.5,True
2026-01-28,5969,-0.2,0.0,-20.0,0.0,False,False,19.51,False
2026-01-28,6787,1.9,13.64,-3.64,1.71,False,False,9.47,False
2026-01-28,6721,-2.88,-24.15,-50.92,0.15,False,False,8.7,False
2026-01-28,4596,2.82,22.34,3.67,1.64,False,False,13.79,False
2026-01-28,7810,7.31,55.42,405.64,3.93,True,True,7.61,True
2026-01-28,6140,6.44,30.91,271.66,2.16,True,True,9.47,True
2026-01-28,5721,0.52,-19.71,213.36,1.06,False,False,9.49,False
2026-01-28,4241,0.96,9.2,-15.86,0.61,False,False,8.12,False
2026-01-28,3446,2.54,9.06,125.79,1.12,False,False,12.4,True
2026-01-28,6167,-5.66,-49.96,-70.12,0.1,False,False,12.72,False
2026-01-28,6342,10.0,90.35,7466.67,13.91,True,True,13.29,False
2026-01-28,4620,8.37,64.6,918.78,7.1,True,True,7.41,False
2026-01-28,4461,1.96,6.63,92.37,1.12,False,False,17.25,True
2026-01-28,5381,1.02,13.69,-87.96,1.59,False,False,9.58,True
2026-01-29,6858,-1.7,-19.68,1.4,0.77,False,False,14.12,True
2026-01-29,6366,1.23,7.08,29.6,0.69,False,False,8.92,False
2026-01-29,4888,3.32,43.75,-20.0,1.55,False,False,17.25,False
2026-01-29,3168,1.46,17.28,-60.42,1.02,False,False,10.59,False
2026-01-29,4099,-0.39,-6.3,-9.23,1.01,False,False,21.32,True
2026-01-29,4814,6.56,73.78,3881.94,1.68,False,True,12.05,False
2026-01-29,157A,-4.12,-38.17,-52.13,0.64,False,False,11.52,False
2026-01-29,5259,7.0,54.99,272.26,3.85,True,True,10.27,False
2026-01-29,6993,-3.42,-30.88,-45.51,0.36,False,False,14.77,False
2026-01-29,5597,-4.91,-47.89,-17.18,0.15,False,False,10.01,False
2026-01-30,2323,6.91,45.37,512.57,2.74,True,True,12.66,False
2026-01-30,2164,-4.72,-41.27,-77.61,0.56,False,False,15.56,False
2026-01-30,6521,5.77,30.8,218.0,1.76,False,False,9.17,False
2026-01-30,3103,6.21,48.79,101.34,6.6,True,True,16.91,True
2026-01-30,4229,3.43,2.41,255.06,1.92,False,False,16.71,True
2026-01-30,4690,-2.37,-17.88,-71.43,0.4,False,False,16.62,False
2026-01-30,4422,5.41,23.24,513.65,0.26,False,False,16.47,True
2026-01-30,6656,9.89,93.08,4971.08,11.67,True,True,13.84,True
2026-01-30,9311,-0.46,-7.89,33.33,0.0,False,False,11.49,False
2026-01-30,4593,-2.34,-21.17,-36.64,0.42,False,False,8.22,False
2026-01-30,4220,1.38,4.14,48.94,1.42,False,False,11.38,False
2026-01-30,6787,2.21,12.43,35.55,1.85,False,False,10.62,False
2026-01-30,6696,-0.54,-4.3,-29.41,0.56,False,False,24.37,True
2026-01-30,6617,0.91,-1.33,68.52,1.08,False,False,11.45,False
2026-01-30,6433,-2.34,-18.77,-53.75,0.24,False,False,18.73,True
2026-01-30,7602,-0.55,-1.44,-80.34,1.18,False,False,9.06,False
2026-01-30,8157,0.25,2.56,-36.54,1.08,False,False,8.17,False
2026-01-30,5027,2.98,9.36,168.83,1.05,False,False,8.23,False
2026-01-30,6858,10.0,88.61,4836.26,13.43,True,True,8.51,False
2026-01-30,6998,5.15,10.61,316.71,3.28,True,False,7.96,False
2026-02-02,7022,10.0,95.13,21037.11,16.79,True,True,14.46,False
2026-02-02,6262,5.83,26.55,224.96,2.79,True,False,6.06,False
2026-02-02,6521,7.77,61.98,414.51,5.3,True,True,10.79,False
2026-02-02,6579,-0.03,1.09,-25.0,0.34,False,False,5.81,False
2026-02-02,4596,-1.12,-13.72,-40.03,1.95,False,False,24.51,True
2026-02-02,6085,-3.24,-25.06,-78.42,0.15,False,False,21.26,True
2026-02-02,8105,7.2,70.78,1552.64,3.6,True,True,18.75,False
2026-02-02,6495,-0.53,-0.53,-55.39,0.23,False,False,14.71,False
2026-02-02,2037,7.16,38.86,269.41,4.38,True,True,13.64,False
2026-02-02,485A,-0.75,-5.16,-28.13,0.15,False,False,6.93,False
2026-02-02,7501,1.04,-21.02,340.0,0.42,False,False,5.92,False
2026-02-02,5139,2.6,21.91,-12.75,1.6,False,False,5.89,False
2026-02-02,4833,1.87,17.6,5.61,0.16,False,False,6.25,False
2026-02-02,4316,0.4,7.59,-60.28,0.73,False,False,6.5,False
2026-02-02,276A,7.14,55.1,447.32,3.43,True,True,6.76,True
2026-02-02,5955,-1.0,-9.8,-11.65,0.3,False,False,27.88,False
2026-02-02,3105,0.67,1.15,21.76,1.02,False,False,7.74,False
2026-02-02,7345,-0.15,-10.34,51.11,1.11,False,False,8.71,False
2026-02-02,2164,8.26,46.88,422.8,6.78,True,True,10.53,False
2026-02-02,7771,0.91,5.59,29.25,0.17,False,False,9.6,False
2026-02-03,7901,9.13,66.52,490.89,9.39,True,True,30.95,True
2026-02-03,6993,-0.31,1.23,-55.19,0.36,False,False,8.63,False
2026-02-03,7779,0.57,-6.28,97.34,0.67,False,False,8.76,False
2026-02-03,6613,7.15,58.48,558.04,3.44,True,True,8.78,True
2026-02-03,5216,-4.22,-38.57,-55.15,0.55,False,False,8.85,False
2026-02-03,4005,1.44,4.25,67.74,1.03,False,False,8.92,False
2026-02-03,1686,-0.35,-11.01,41.73,0.99,False,False,9.25,False
2026-02-03,3103,3.44,23.26,-14.62,3.77,True,False,9.34,False
2026-02-03,6787,2.58,14.22,45.75,2.09,True,False,9.59,False
2026-02-03,5802,1.5,6.32,46.82,1.2,False,False,10.7,False
2026-02-03,4888,-4.02,-35.94,-75.8,0.99,False,False,10.73,False
2026-02-03,9227,6.32,50.47,347.83,0.97,False,True,10.0,False
2026-02-03,6663,6.06,44.18,258.42,1.42,False,True,12.98,False
2026-02-03,6741,0.99,3.39,25.76,1.18,False,False,10.09,False
2026-02-03,276A,7.38,58.56,828.3,4.14,True,True,8.55,False
2026-02-03,6433,3.01,6.37,209.31,0.83,False,False,27.64,False
2026-02-03,8935,-0.19,-3.6,-10.04,0.81,False,False,15.02,False
2026-02-03,5381,-2.5,-19.77,-76.51,0.72,False,False,14.29,True
2026-02-03,241A,-2.41,-16.14,-80.03,0.02,False,False,11.01,False
2026-02-03,5986,-0.66,-5.82,-33.89,0.78,False,False,9.64,False
2026-02-04,6663,7.53,66.61,174.49,8.35,True,True,13.31,False
2026-02-04,7771,3.02,26.03,33.88,0.22,False,False,18.57,True
2026-02-04,7901,9.76,69.13,350.75,11.27,True,True,15.7,True
2026-02-04,4960,-4.48,-39.89,-69.57,0.61,False,False,18.3,True
2026-02-04,276A,8.72,68.77,363.05,8.17,True,True,15.47,True
2026-02-04,6433,8.03,72.73,1275.01,6.1,True,True,21.19,False
2026-02-04,9412,0.47,2.37,-15.03,1.14,False,False,9.28,False
2026-02-04,3777,-2.63,-28.03,4.08,0.38,False,False,9.09,False
2026-02-04,6495,6.48,47.84,769.3,1.44,False,True,17.28,False
2026-02-04,2962,-3.15,-28.26,-59.53,0.82,False,False,14.51,True
2026-02-04,462A,-0.14,-5.92,23.87,0.65,False,False,11.67,False
2026-02-04,5381,1.99,-17.73,271.19,3.15,True,False,12.12,True
2026-02-04,2164,-0.28,3.44,-87.62,0.75,False,False,11.45,False
2026-02-04,4885,5.77,39.01,254.46,0.69,False,False,9.67,False
2026-02-04,194A,-0.49,-4.18,-22.85,0.46,False,False,12.24,False
2026-02-04,4594,-0.9,-8.09,-15.93,0.19,False,False,10.94,False
2026-02-04,2175,1.68,7.01,48.61,1.47,False,False,9.03,False
2026-02-04,6806,1.37,3.78,33.35,1.98,False,False,9.66,False
2026-02-04,7810,-5.97,-52.4,-84.26,0.34,False,False,14.55,False
2026-02-04,3103,2.47,17.35,-12.83,2.59,True,False,8.65,False
2026-02-05,4012,2.22,7.09,96.61,1.62,False,False,11.46,False
2026-02-05,6433,7.71,64.41,829.85,5.14,True,True,14.29,False
2026-02-05,8338,3.57,22.51,85.21,1.39,False,False,9.22,False
2026-02-05,8747,-0.42,-2.75,-52.27,1.13,False,False,9.84,False
2026-02-05,7955,-0.7,-8.06,-20.66,0.95,False,False,9.88,False
2026-02-05,4596,-0.8,-2.8,-76.1,0.72,False,False,10.62,False
2026-02-05,5242,2.42,22.65,-33.8,1.47,False,False,11.03,False
2026-02-05,8995,0.7,10.7,-45.11,0.25,False,False,25.58,True
2026-02-05,5391,-0.41,-9.34,30.43,0.66,False,False,11.8,False
2026-02-05,5817,-2.11,-22.34,1.67,0.32,False,False,13.64,False
2026-02-05,8105,-1.9,-15.62,-60.72,0.81,False,False,16.5,False
2026-02-05,1803,2.41,13.55,54.44,1.53,False,False,7.73,False
2026-02-05,5892,0.45,0.13,4.52,1.18,False,False,9.08,False
2026-02-05,8562,5.49,45.17,184.42,1.94,False,False,8.45,False
2026-02-05,7048,1.67,4.43,87.37,1.05,False,False,7.69,False
2026-02-05,4425,-0.8,-7.35,-26.34,0.59,False,False,9.19,False
2026-02-05,9242,-3.96,-37.28,-49.45,0.78,False,False,11.26,False
2026-02-05,6590,-1.21,-13.34,-15.02,0.81,False,False,21.65,False
2026-02-05,6403,3.79,22.63,128.12,0.72,False,False,8.86,False
2026-02-05,7771,2.97,27.5,-4.94,0.82,False,False,11.24,True
2026-02-06,1514,1.98,6.17,86.13,1.51,False,False,14.19,False
2026-02-06,5216,0.33,1.8,-8.27,0.68,False,False,15.0,False
2026-02-06,6613,3.81,21.91,74.0,2.65,True,False,12.14,False
2026-02-06,6928,3.18,11.08,170.66,1.1,False,False,12.77,False
2026-02-06,1673,0.53,-1.24,14.71,1.53,False,False,12.74,False
2026-02-06,1813,1.55,12.28,-0.95,0.99,False,False,15.98,False
2026-02-06,3634,8.57,69.45,1481.48,7.71,True,True,13.08,True
2026-02-06,7711,3.24,16.52,123.31,1.08,False,False,14.15,False
2026-02-06,6433,6.07,54.91,82.33,6.74,True,False,14.78,True
2026-02-06,6330,-0.74,-5.36,-33.49,0.38,False,False,13.79,False
2026-02-06,4960,2.61,-4.31,243.51,1.83,False,False,15.99,False
2026-02-06,7184,0.07,0.71,-28.34,0.84,False,False,13.22,False
2026-02-06,3103,0.5,1.69,-18.15,1.55,False,False,18.22,True
2026-02-06,7746,-0.0,4.9,-68.84,0.59,False,False,26.93,True
2026-02-06,4107,2.17,16.44,10.73,1.26,False,False,22.81,False
2026-02-06,4237,1.03,3.45,62.74,0.18,False,False,18.64,True
2026-02-06,6941,2.7,25.2,-36.47,1.63,False,False,13.83,False
2026-02-06,7192,-2.16,-15.56,-80.74,0.6,False,False,16.64,False
2026-02-06,4596,-0.56,-10.33,-4.75,1.56,False,False,16.54,False
2026-02-06,6647,-0.79,0.0,-78.72,0.0,False,False,14.9,False
2026-02-09,6614,-3.64,-33.91,-38.14,0.41,False,False,15.34,True
2026-02-09,5801,0.18,2.42,-36.77,0.92,False,False,15.74,True
2026-02-09,9428,-0.9,-22.67,76.92,1.78,False,False,16.65,False
2026-02-09,4008,-0.69,-7.75,-18.35,0.8,False,False,11.67,False
2026-02-09,9408,,0.0,,0.0,False,False,7.31,False
2026-02-09,7012,2.26,11.07,63.06,1.57,False,False,9.39,False
2026-02-09,2962,4.26,43.53,8.34,3.53,True,False,14.34,True
2026-02-09,3896,-0.44,-2.77,-22.27,0.19,False,False,17.08,True
2026-02-09,3776,7.92,30.77,448.66,5.76,True,True,11.92,False
2026-02-09,3143,2.65,17.65,47.37,1.23,False,False,8.2,False
2026-02-09,6085,4.98,33.51,112.19,2.57,True,False,14.4,True
2026-02-09,6227,-0.98,-8.23,-36.22,0.61,False,False,9.19,False
2026-02-09,1885,-0.1,-8.6,31.69,1.34,False,False,8.11,False
2026-02-09,4186,-2.05,-21.22,-20.39,0.83,False,False,8.93,False
2026-02-09,6495,-1.73,-17.87,-42.78,1.45,False,False,18.18,False
2026-02-09,1466,0.96,7.06,9.85,0.46,False,False,9.92,False
2026-02-09,4635,-1.65,-16.47,-16.46,0.48,False,False,15.38,False
2026-02-09,9941,-5.14,-44.13,-75.0,0.08,False,False,8.23,False
2026-02-09,3647,1.02,16.44,-89.02,0.79,False,False,10.57,False
2026-02-09,3447,0.42,-2.0,24.62,1.13,False,False,8.7,False
2026-02-10,6800,3.41,20.83,68.02,1.94,False,False,18.6,False
2026-02-10,8798,-2.55,-20.12,-66.88,0.39,False,False,19.51,False
2026-02-10,6208,4.28,25.85,101.73,2.02,True,False,19.65,False
2026-02-10,6081,-0.34,4.95,-87.42,0.11,False,False,13.69,False
2026-02-10,7800,2.03,22.18,-73.05,1.62,False,False,20.56,True
2026-02-10,7989,4.65,19.87,214.83,1.56,False,False,23.84,True
2026-02-10,3823,0.11,-3.82,32.56,0.49,False,False,33.33,False
2026-02-10,4596,4.98,27.77,128.1,2.78,True,False,19.68,True
2026-02-10,5715,0.12,-2.72,12.42,0.81,False,False,12.96,True
2026-02-10,6363,2.53,10.7,98.72,1.42,False,False,18.35,False
2026-02-10,7089,7.54,55.3,177.13,8.32,True,True,13.0,False
2026-02-10,6518,4.6,18.91,195.0,2.26,True,False,12.82,False
2026-02-10,6614,8.08,53.31,2502.08,6.23,True,True,12.77,True
2026-02-10,3787,2.09,-1.79,171.43,1.66,False,False,15.36,True
2026-02-10,5726,0.34,1.32,-20.63,1.23,False,False,11.2,False
2026-02-10,7261,3.28,13.81,136.42,1.6,False,False,12.19,False
2026-02-10,3103,-4.97,-40.39,-95.71,0.06,False,False,18.19,True
2026-02-10,6227,0.33,-8.67,74.38,1.36,False,False,12.52,False
2026-02-10,6085,5.92,26.27,294.35,1.05,False,False,13.82,True
2026-02-10,6395,-0.5,-9.77,6.6,1.24,False,False,13.28,False
2026-02-12,6326,1.78,8.82,35.26,1.63,False,False,16.53,True
2026-02-12,5741,1.35,10.02,4.76,0.9,False,False,15.31,True
2026-02-12,8225,-3.01,-21.79,-83.33,0.0,False,False,15.03,False
2026-02-12,5028,-1.97,-15.11,-68.87,0.68,False,False,14.5,False
2026-02-12,7060,-0.95,-7.68,-37.84,0.58,False,False,14.29,False
2026-02-12,3266,5.49,29.25,236.24,0.61,False,False,22.45,True
2026-02-12,7238,1.47,-1.76,109.42,1.66,False,False,29.41,False
2026-02-12,7826,-0.02,-1.57,-21.97,1.07,False,False,12.67,False
2026-02-12,4288,3.73,24.66,71.36,1.64,False,False,12.27,True
2026-02-12,4620,-0.47,-5.52,-17.43,0.78,False,False,13.01,True
2026-02-12,4247,0.86,4.31,42.86,0.0,False,False,13.68,False
2026-02-12,6440,1.81,7.68,49.13,1.66,False,False,17.24,True
2026-02-12,6696,-2.56,-29.72,25.38,0.47,False,False,14.58,False
2026-02-12,6614,9.05,80.03,5408.33,9.16,True,True,18.26,True
2026-02-12,1435,-0.4,-3.48,-28.31,0.69,False,False,19.53,False
2026-02-12,3647,-2.68,-35.52,54.52,0.99,False,False,30.61,True
2026-02-12,6217,6.43,39.25,312.31,1.28,False,True,15.49,True
2026-02-12,1982,7.97,55.87,472.77,5.9,True,True,13.22,False
2026-02-12,4437,1.89,0.0,189.47,0.0,False,False,13.14,True
2026-02-12,7810,-3.45,-34.91,-17.46,0.63,False,False,17.59,False
2026-02-13,3634,1.43,11.06,-44.68,2.31,True,False,15.38,True
2026-02-13,6327,0.89,8.97,-28.79,0.85,False,False,8.61,False
2026-02-13,4119,3.49,17.23,110.71,1.97,False,False,9.55,False
2026-02-13,269A,5.29,17.84,278.95,2.15,True,False,10.95,False
2026-02-13,6376,0.67,0.12,24.5,1.23,False,False,11.95,False
2026-02-13,4588,0.92,10.35,-44.13,0.97,False,False,12.44,False
2026-02-13,1435,9.96,85.66,2328.56,11.88,True,True,12.76,False
2026-02-13,4894,1.52,11.87,7.48,0.78,False,False,12.9,False
2026-02-13,7819,-0.14,-10.82,51.24,1.3,False,False,17.94,True
2026-02-13,6537,0.74,10.11,-55.7,0.85,False,False,14.47,False
2026-02-13,7014,1.4,9.99,-0.67,1.21,False,False,8.6,False
2026-02-13,6085,4.03,20.11,125.36,2.31,True,False,19.65,True
2026-02-13,7800,1.03,-7.88,103.74,2.35,True,False,20.04,False
2026-02-13,7409,2.27,12.81,56.92,1.27,False,False,22.12,True
2026-02-13,6143,1.72,12.27,10.29,1.18,False,False,8.97,False
2026-02-13,5074,1.45,12.86,-14.6,0.94,False,False,8.82,False
2026-02-13,3103,4.78,11.4,3233.74,1.91,False,False,8.75,False
2026-02-13,4182,7.06,46.07,284.85,3.62,True,True,8.51,False
2026-02-13,8705,0.44,6.22,-41.97,0.7,False,False,21.17,False
2026-02-13,3542,1.73,-5.6,192.93,1.07,False,False,17.7,False
2026-02-16,7878,-3.57,-26.75,-93.55,0.13,False,False,30.22,False
2026-02-16,6330,-4.91,-41.89,-75.25,0.09,False,False,29.96,False
2026-02-16,7256,1.06,6.78,5.22,0.98,False,False,28.31,True
2026-02-16,1811,8.62,62.59,1410.0,7.87,True,True,16.54,True
2026-02-16,3723,7.24,53.07,238.94,5.56,True,True,14.24,False
2026-02-16,4316,0.63,7.86,-37.75,0.67,False,False,14.9,True
2026-02-16,6862,-2.69,-19.48,-83.28,0.26,False,False,18.31,False
2026-02-16,7810,2.81,12.48,121.88,1.02,False,False,34.45,True
2026-02-16,206A,2.04,11.86,52.43,0.98,False,False,17.39,False
2026-02-16,264A,5.38,35.42,142.34,2.88,True,False,13.02,False
2026-02-16,3133,6.06,20.94,342.34,2.9,True,True,16.01,False
2026-02-16,5010,10.0,83.02,809.98,12.25,True,True,13.54,False
2026-02-16,6433,-4.91,-42.92,-75.37,0.4,False,False,19.05,False
2026-02-16,247A,4.07,31.06,22.19,2.54,True,False,12.18,False
2026-02-16,7685,7.0,34.28,301.67,2.99,True,True,13.35,False
2026-02-16,9562,6.43,51.77,251.22,2.76,True,True,23.2,False
2026-02-16,7022,-0.74,-3.79,-49.24,0.41,False,False,12.47,False
2026-02-16,5381,-2.39,-24.76,-9.22,0.55,False,False,15.85,True
2026-02-16,4596,-3.01,-25.05,-66.51,0.47,False,False,12.1,False
2026-02-16,4482,2.18,16.96,0.43,1.43,False,False,12.52,False
2026-02-17,7859,-1.58,-13.0,-40.51,0.38,False,False,11.34,False
2026-02-17,9816,-0.72,-6.93,-44.08,1.26,False,False,12.38,False
2026-02-17,1514,0.26,-3.1,18.41,1.15,False,False,22.09,True
2026-02-17,6976,-4.07,-37.63,-47.95,0.53,False,False,9.73,False
2026-02-17,485A,-3.08,-21.62,-93.25,0.06,False,False,9.88,True
2026-02-17,6663,-2.36,-24.08,-6.27,0.33,False,False,10.29,False
2026-02-17,5987,4.09,49.47,109.09,0.0,False,False,10.8,False
2026-02-17,9271,-0.14,6.27,-82.68,0.18,False,False,11.95,False
2026-02-17,4659,6.11,26.28,321.43,1.45,False,True,10.16,False
2026-02-17,7946,1.47,-12.5,250.0,0.66,False,False,22.94,True
2026-02-17,4570,0.87,13.0,-65.72,0.69,False,False,12.5,True
2026-02-17,352A,-1.78,-15.14,-44.56,0.54,False,False,22.38,False
2026-02-17,6081,2.74,18.35,70.59,0.61,False,False,18.95,True
2026-02-17,4596,3.01,0.95,205.03,2.59,True,False,18.32,True
2026-02-17,3352,6.57,32.47,387.5,1.7,False,True,12.62,False
2026-02-17,2351,-0.39,-11.66,36.92,1.23,False,False,15.82,False
2026-02-17,5969,-5.53,-51.95,-33.33,0.0,False,False,15.23,False
2026-02-17,6167,1.68,17.98,-32.88,0.63,False,False,14.36,False
2026-02-17,7878,3.14,10.04,125.64,2.63,True,False,17.99,False
2026-02-18,336A,3.39,24.65,47.86,1.34,False,False,13.98,True
2026-02-18,4582,5.29,14.09,577.5,2.63,True,False,23.47,True
2026-02-18,4107,-1.86,-18.23,-18.07,0.43,False,False,9.17,False
2026-02-18,9561,-1.42,-13.67,-17.91,0.38,False,False,18.59,True
2026-02-18,7800,0.89,12.39,-86.95,1.55,False,False,16.02,True
2026-02-18,246A,8.7,74.28,1060.71,8.09,True,True,14.75,True
2026-02-18,485A,3.96,13.86,156.93,3.03,True,False,14.62,False
2026-02-18,6042,3.81,22.83,93.75,1.77,False,False,14.25,True
2026-02-18,3926,5.5,43.82,150.94,2.98,True,False,13.03,False
2026-02-18,3753,6.34,40.09,233.48,3.01,True,True,11.33,False
2026-02-18,1436,5.78,43.59,179.46,2.95,True,False,12.74,False
2026-02-18,350A,2.74,14.17,77.31,1.65,False,False,9.45,True
2026-02-18,4588,-0.55,-8.31,-10.03,1.15,False,False,8.89,False
2026-02-18,6022,5.43,35.21,66.67,5.29,True,False,8.77,False
2026-02-18,4888,-1.89,-13.38,-65.04,0.31,False,False,12.6,False
2026-02-18,338A,5.21,35.77,155.54,1.97,False,False,12.52,True
2026-02-18,6663,6.34,27.85,360.69,1.66,False,True,10.28,False
2026-02-18,198A,-3.37,-30.63,-35.07,0.14,False,False,11.06,False
2026-02-18,4659,6.68,46.32,333.33,2.03,True,True,11.61,False
2026-02-18,4594,0.69,7.12,-16.12,0.41,False,False,10.45,False
2026-02-19,141A,0.02,-0.97,-47.61,1.79,False,False,12.28,False
2026-02-19,198A,1.1,-5.56,151.36,0.43,False,False,19.49,True
2026-02-19,6466,-0.97,-19.81,48.21,1.59,False,False,13.53,True
2026-02-19,6378,-1.07,-8.9,-41.31,0.69,False,False,17.85,True
2026-02-19,4596,0.93,11.43,-57.47,1.07,False,False,13.89,False
2026-02-19,6495,2.35,3.01,153.61,1.53,False,False,13.83,False
2026-02-19,4582,10.0,88.25,4172.5,13.35,True,True,25.74,True
2026-02-19,9959,-6.05,-59.19,-28.36,0.45,False,False,15.74,True
2026-02-19,7600,1.59,6.46,53.05,1.25,False,False,12.75,False
2026-02-19,1966,-1.24,-8.13,-60.67,0.55,False,False,10.36,False
2026-02-19,5101,-0.54,-9.59,0.92,1.24,False,False,11.82,False
2026-02-19,7719,0.65,-0.69,37.73,1.01,False,False,24.22,True
2026-02-19,3446,4.87,28.36,136.98,2.01,True,False,9.2,False
2026-02-19,5310,3.13,19.93,61.61,1.57,False,False,9.27,False
2026-02-19,6054,-2.86,-22.98,-71.43,0.46,False,False,23.66,False
2026-02-19,6444,1.11,12.31,-66.55,1.62,False,False,10.56,False
2026-02-19,4222,4.22,36.02,40.19,2.47,True,False,10.68,False
2026-02-19,3787,-4.94,-54.35,12.35,1.12,False,False,11.3,False
2026-02-19,6208,-5.18,-47.48,-62.65,0.59,False,False,12.72,False
2026-02-19,7031,0.03,4.69,-52.38,0.27,False,False,11.5,False
2026-02-20,7779,-0.15,-0.85,-29.68,0.7,False,False,8.86,False
2026-02-20,6081,-0.07,5.83,-75.25,0.31,False,False,9.2,False
2026-02-20,6324,-2.18,-22.14,-15.53,0.57,False,False,9.38,False
2026-02-20,4431,-0.64,-7.63,-16.58,0.86,False,False,10.41,False
2026-02-20,6227,3.49,35.6,-33.67,2.48,True,False,10.03,False
2026-02-20,6855,-1.4,-15.72,-7.87,0.74,False,False,10.04,False
2026-02-20,4274,-0.11,-12.87,70.92,1.42,False,False,8.59,False
2026-02-20,6787,-2.73,-23.91,-48.07,0.42,False,False,9.91,False
2026-02-20,195A,3.47,17.1,104.2,2.16,True,False,7.31,False
2026-02-20,6380,2.56,20.98,-10.34,1.68,False,False,7.17,False
2026-02-20,6775,2.03,19.05,-38.35,1.53,False,False,11.11,False
2026-02-20,9564,-0.96,-8.88,-55.43,1.46,False,False,7.13,False
2026-02-20,6208,1.97,-1.88,144.83,2.12,True,False,11.59,False
2026-02-20,5255,4.91,15.09,170.97,5.07,True,False,13.21,False
2026-02-20,3920,-0.83,-6.59,-55.66,1.15,False,False,20.03,True
2026-02-20,9959,6.89,34.05,1250.0,2.68,True,True,10.62,False
2026-02-20,7800,1.47,-14.84,201.78,2.82,True,False,7.69,False
2026-02-20,268A,7.95,38.8,656.82,5.85,True,True,7.47,False
2026-02-20,9820,-0.29,2.0,-69.57,0.62,False,False,10.84,False
2026-02-20,5973,-2.01,-15.65,-69.23,0.75,False,False,8.08,False
2026-02-24,6999,-0.53,-5.86,-5.66,0.34,False,False,11.46,False
2026-02-24,6696,-1.7,-14.89,-28.78,0.23,False,False,12.6,False
2026-02-24,4582,7.3,61.41,161.11,8.05,True,True,33.11,False
2026-02-24,5210,-3.43,-37.86,7.93,0.84,False,False,20.72,True
2026-02-24,7794,-3.97,-30.24,-95.4,0.03,False,False,16.73,False
2026-02-24,7885,-1.46,-12.77,-42.58,0.73,False,False,16.63,True
2026-02-24,3103,5.21,49.34,199.68,0.63,False,False,11.41,False
2026-02-24,6227,2.09,15.34,-25.57,2.43,True,False,14.65,False
2026-02-24,4596,-3.59,-33.28,-44.9,0.56,False,False,16.94,False
2026-02-24,3110,-1.01,-10.64,-16.96,0.66,False,False,13.86,True
2026-02-24,6663,-0.46,0.73,-74.62,0.65,False,False,12.57,False
2026-02-24,4549,8.0,67.62,1462.78,5.99,True,True,8.91,False
2026-02-24,6643,0.94,10.47,-41.07,0.9,False,False,9.43,False
2026-02-24,4970,1.75,12.15,32.37,0.63,False,False,9.31,False
2026-02-24,6838,5.2,37.52,94.86,3.77,True,False,9.33,False
2026-02-24,8944,-4.61,-40.68,-75.81,0.66,False,False,9.35,False
2026-02-24,6054,6.72,53.75,4375.19,2.16,True,True,10.87,False
2026-02-24,6775,10.0,88.41,3011.24,15.12,True,True,15.15,True
2026-02-24,6912,-0.11,-4.19,3.17,0.84,False,False,9.48,False
2026-02-24,6327,0.08,-8.4,14.42,2.32,True,False,13.2,False
2026-02-25,6855,6.07,30.72,232.92,2.23,True,True,9.66,False
2026-02-25,6085,-1.02,-24.21,102.46,1.12,False,False,12.2,False
2026-02-25,6330,1.42,6.66,21.44,1.6,False,False,12.11,False
2026-02-25,7220,1.89,8.93,58.93,1.23,False,False,10.0,False
2026-02-25,195A,-2.32,-21.08,-51.08,0.91,False,False,14.23,True
2026-02-25,5707,-0.98,-13.62,25.49,0.37,False,False,11.38,False
2026-02-25,4588,-0.8,-10.73,1.51,0.77,False,False,12.46,False
2026-02-25,8050,2.8,16.26,46.93,2.1,True,False,10.78,False
2026-02-25,7746,1.0,9.93,-17.06,0.54,False,False,12.95,True
2026-02-25,4082,-0.43,-3.61,-17.48,0.32,False,False,13.82,True
2026-02-25,6800,4.96,21.71,210.91,2.04,True,False,12.97,False
2026-02-25,4960,-1.03,-7.48,-32.48,0.12,False,False,16.67,True
2026-02-25,7063,4.81,41.81,80.67,3.01,True,False,29.0,True
2026-02-25,3133,5.47,31.4,160.11,2.62,True,False,23.65,True
2026-02-25,7885,8.66,57.73,1873.15,7.98,True,True,14.94,True
2026-02-25,2962,-1.25,-17.52,26.76,0.72,False,False,15.57,True
2026-02-25,9227,-2.87,-24.14,-56.79,0.35,False,False,10.88,False
2026-02-25,6140,1.51,6.92,-22.27,3.11,True,False,16.03,False
2026-02-25,5273,-0.59,-8.13,-9.82,0.96,False,False,9.72,False
2026-02-25,7771,-0.26,-2.7,-38.29,1.19,False,False,19.49,True
2026-02-26,9980,-0.25,-1.7,-34.11,0.78,False,False,23.0,True
2026-02-26,195A,-0.91,-27.63,81.71,3.11,False,False,20.55,True
2026-02-26,5817,-0.18,-2.7,-19.84,0.87,False,False,19.82,False
2026-02-26,2962,-6.27,-57.78,-66.44,0.53,False,False,17.38,True
2026-02-26,4360,-2.47,-18.54,-71.25,0.28,False,False,15.62,True
2026-02-26,5753,3.33,1.36,290.0,0.9,False,False,13.99,True
2026-02-26,429A,2.41,16.81,38.08,1.04,False,False,13.64,False
2026-02-26,3697,3.36,23.56,68.45,0.95,False,False,13.31,False
2026-02-26,4596,-1.94,-17.41,-32.65,0.39,False,False,12.68,False
2026-02-26,6613,-0.84,-6.82,-36.18,0.61,False,False,11.99,True
2026-02-26,7794,6.38,45.48,4630.43,1.13,False,True,11.88,False
2026-02-26,2033,5.3,48.17,143.01,2.6,True,False,11.85,False
2026-02-26,4784,2.92,18.08,74.81,1.09,False,False,10.63,False
2026-02-26,4499,2.14,11.86,61.0,1.03,False,False,10.27,False
2026-02-26,3993,3.57,16.84,138.74,1.49,False,False,9.97,False
2026-02-26,4180,1.36,5.53,12.31,2.06,True,False,9.5,False
2026-02-26,4478,3.39,27.91,8.73,1.53,False,False,9.39,False
2026-02-26,9425,3.61,33.46,12.67,1.44,False,False,8.96,False
2026-02-26,6027,-1.94,-23.89,30.13,0.45,False,False,8.79,False
2026-02-26,4434,0.55,3.96,-10.97,0.78,False,False,8.68,False
