type,score_min,score_max,ratio_min,ratio_max,rise_lo,rise_hi,rb_min,gap_max,tp,sl,cond,top_n,ls_min,vd_req,cd_min,in_sharpe,out_sharpe,out_n,out_wr,out_avg,out_cum,stable
AB(複合),0.2,10.0,0.0,50.0,-10.4,9.6,5.3,3.5,6.8,-7.0,STRONG,全件,0.27,0,0,5.0,5.0,469,64.4,0.796,373.5,★
A(順張り),0.0,6.1,0.8,46.1,-1.2,4.7,0.5,3.6,6.2,-3.6,STRONG,全件,0.38,0,1,5.0,5.0,773,63.3,0.551,425.6,★
AB(複合),0.8,8.6,1.3,34.9,-9.5,7.9,0.0,0.7,5.4,-3.9,STRONG,全件,0.14,0,2,5.0,5.0,647,65.2,0.681,440.6,★
A(順張り),1.8,4.6,0.6,25.7,-1.7,10.0,2.1,3.8,6.8,-6.6,STRONG,全件,0.13,0,0,5.0,5.0,818,62.0,0.639,523.1,★
AB(複合),0.0,7.8,0.0,32.9,-6.6,9.9,0.0,4.8,9.3,-5.5,STRONG,全件,0.16,0,0,5.0,5.0,13843,64.0,0.636,8797.4,★
AB(複合),0.0,9.6,0.0,5.2,-2.9,10.0,5.5,3.0,8.5,-5.4,STRONG,全件,0.06,0,0,5.0,5.0,575,66.1,0.751,431.8,★
AB(複合),0.0,8.8,0.0,47.5,-6.5,2.6,0.0,8.0,5.5,-5.1,STRONG,全件,0.0,0,1,5.0,5.0,10353,64.6,0.605,6263.1,★
AB(複合),0.3,10.0,0.7,20.1,-8.0,5.4,4.7,0.9,6.0,-3.9,STRONG,全件,0.01,0,0,5.0,5.0,917,67.0,0.779,714.0,★
AB(複合),0.5,6.0,0.0,25.8,-5.7,9.9,1.2,1.9,9.6,-6.4,STRONG,全件,0.13,0,0,5.0,5.0,3698,64.8,0.706,2612.4,★
AB(複合),0.0,8.0,0.0,29.5,-12.0,7.0,0.8,0.3,10.0,-4.7,STRONG,全件,0.34,0,1,5.0,5.0,785,66.9,0.787,617.9,★
AB(複合),0.7,7.3,0.4,19.5,-5.2,5.7,0.0,2.4,10.0,-4.0,STRONG,全件,0.01,0,0,5.0,5.0,12966,65.8,0.69,8951.1,★
AB(複合),0.0,9.5,0.0,50.0,-7.6,10.0,2.1,5.8,5.0,-4.3,STRONG,全件,0.0,0,2,5.0,5.0,2189,64.0,0.604,1321.2,★
AB(複合),0.0,10.0,0.1,5.5,-2.9,6.4,2.3,6.0,4.6,-7.0,STRONG,全件,0.0,0,2,5.0,5.0,1619,65.7,0.606,981.8,★
AB(複合),0.0,10.0,0.0,12.6,-10.8,10.0,1.3,-0.1,9.8,-5.2,STRONG,全件,0.37,0,0,5.0,5.0,580,65.2,0.891,516.5,★
AB(複合),0.7,8.1,0.8,5.0,-7.0,10.0,5.5,3.8,9.3,-2.8,STRONG,全件,0.35,0,0,5.0,5.0,285,62.8,0.772,220.2,★
AB(複合),0.0,8.7,0.3,3.0,-6.0,4.8,3.2,9.4,9.9,-5.1,STRONG,全件,0.0,0,2,5.0,5.0,1319,65.3,0.655,863.9,★
AB(複合),0.0,8.8,0.0,3.0,-5.1,4.0,1.3,1.1,4.9,-6.2,STRONG,全件,0.03,0,0,5.0,5.0,4077,67.7,0.727,2965.5,★
AB(複合),2.1,6.2,0.0,4.3,-4.2,9.6,2.4,6.0,3.9,-7.0,STRONG,全件,0.08,0,2,5.0,5.0,522,64.6,0.563,294.0,★
AB(複合),0.0,8.3,0.0,43.8,-15.0,6.4,0.9,0.3,9.3,-7.0,STRONG,全件,0.0,0,1,5.0,5.0,2663,67.9,0.807,2149.8,★
AB(複合),0.0,7.6,0.0,37.8,-5.8,8.2,5.1,6.9,6.0,-3.7,STRONG,全件,0.0,0,0,5.0,5.0,1054,63.3,0.721,759.5,★
AB(複合),0.8,6.5,0.0,46.9,-2.7,1.3,1.9,0.8,7.2,-6.2,STRONG,全件,0.16,0,1,5.0,5.0,856,65.5,0.642,549.3,★
AB(複合),0.0,8.3,0.3,50.0,-15.0,6.5,1.4,2.3,6.8,-4.3,STRONG,全件,0.0,0,0,5.0,5.0,8174,63.7,0.646,5284.0,★
AB(複合),1.1,8.1,1.1,44.3,-3.4,10.0,0.0,3.4,8.8,-4.4,STRONG,全件,0.0,0,2,5.0,5.0,1751,65.4,0.561,982.5,★
AB(複合),0.0,5.1,0.0,24.3,-2.6,10.0,0.0,3.2,7.9,-4.4,STRONG,全件,0.0,0,0,5.0,5.0,18462,65.7,0.647,11938.2,★
AB(複合),0.0,8.9,0.4,3.7,-9.4,10.0,5.8,0.2,4.0,-7.0,STRONG,全件,0.0,0,1,5.0,5.0,284,65.5,0.721,204.6,★
AB(複合),1.2,5.8,0.1,3.0,-8.5,7.2,0.1,1.1,5.7,-7.0,STRONG,全件,0.0,0,1,5.0,5.0,2393,66.0,0.638,1526.4,★
A(順張り),0.0,10.0,0.0,3.0,-1.6,0.2,4.2,6.8,3.7,-6.5,STRONG,全件,0.08,0,3,5.0,5.0,198,67.7,0.578,114.4,★
AB(複合),0.5,9.0,1.7,19.4,-5.2,6.3,5.5,0.9,6.8,-4.3,STRONG,全件,0.0,0,2,5.0,5.0,162,67.9,0.842,136.4,★
AB(複合),0.0,4.0,0.3,18.1,-2.8,8.3,2.4,7.7,6.6,-6.8,STRONG,全件,0.05,0,0,5.0,5.0,3075,63.1,0.619,1904.8,★
AB(複合),0.0,9.0,0.0,14.1,-5.6,10.0,1.4,0.6,9.2,-4.7,STRONG,全件,0.41,0,2,5.0,5.0,294,66.7,0.71,208.8,★
AB(複合),0.0,7.7,0.3,8.1,-14.4,6.2,4.3,2.3,7.9,-4.7,STRONG,全件,0.16,0,0,5.0,5.0,1041,64.3,0.723,752.3,★
AB(複合),0.0,9.1,0.0,3.0,-5.1,2.3,3.1,2.6,8.2,-4.3,STRONG,全件,0.14,0,0,5.0,5.0,1458,65.0,0.647,943.4,★
AB(複合),0.0,9.8,1.1,22.9,-14.1,9.0,1.0,1.0,7.0,-5.8,STRONG,全件,0.0,0,0,5.0,5.0,5683,64.6,0.718,4077.7,★
AB(複合),2.2,7.9,0.0,46.3,-5.7,10.0,0.2,0.6,5.6,-4.6,STRONG,全件,0.1,0,2,5.0,5.0,487,66.7,0.662,322.2,★
AB(複合),0.0,9.6,0.0,3.0,-9.4,10.0,0.0,10.0,4.8,-4.8,STRONG,全件,0.0,0,1,5.0,5.0,10194,64.8,0.608,6196.4,★
AB(複合),0.0,9.0,0.0,20.7,-6.3,5.7,5.0,4.3,10.0,-3.1,STRONG,全件,0.08,0,0,5.0,5.0,813,63.6,0.758,616.5,★
AB(複合),0.0,9.8,0.0,38.4,-5.8,0.5,0.0,8.9,4.3,-7.0,STRONG,全件,0.04,0,3,5.0,4.982,2001,64.5,0.537,1074.4,★
AB(複合),0.2,7.6,0.4,5.6,-3.6,10.0,1.3,1.1,1.0,-4.7,STRONG,全件,0.0,0,1,5.0,4.975,2482,72.6,0.342,849.2,★
AB(複合),0.0,9.9,0.0,3.0,-14.4,7.8,2.5,4.2,4.6,-5.8,STRONG,全件,0.07,0,0,5.0,4.96,3880,62.5,0.596,2314.0,★
AB(複合),0.1,6.0,0.3,31.7,-12.6,10.0,3.2,6.6,6.2,-6.6,STRONG,全件,0.04,0,2,5.0,4.914,1128,65.0,0.643,725.4,★
AB(複合),2.0,10.0,1.4,27.2,-6.6,8.1,0.0,1.6,9.3,-6.3,STRONG,全件,0.0,0,2,5.0,4.909,928,64.0,0.585,543.1,★
AB(複合),0.0,7.1,0.3,12.0,-5.9,3.1,4.6,4.5,8.4,-7.0,STRONG,全件,0.0,0,0,5.0,4.908,1559,63.1,0.648,1010.6,★
AB(複合),0.0,7.6,0.0,3.0,-14.2,5.3,2.2,4.9,7.9,-3.8,STRONG,全件,0.0,0,2,5.0,4.904,1957,64.2,0.625,1223.5,★
AB(複合),0.2,10.0,0.2,3.0,-11.7,3.1,4.9,3.4,8.1,-6.1,STRONG,全件,0.0,0,2,5.0,4.845,740,64.2,0.686,507.8,★
AB(複合),0.0,4.0,0.0,3.0,-7.1,10.0,0.8,4.5,5.2,-7.0,STRONG,全件,0.0,0,1,5.0,4.822,5448,63.9,0.551,3002.5,★
AB(複合),0.0,7.7,0.3,3.0,-7.7,10.0,3.6,9.3,5.6,-5.9,STRONG,全件,0.0,0,0,5.0,4.814,2981,63.3,0.614,1831.3,★
AB(複合),0.0,6.2,0.0,39.0,-7.7,9.1,2.3,5.8,7.6,-3.9,STRONG,全件,0.0,0,0,5.0,4.813,5167,62.7,0.622,3215.6,★
AB(複合),0.3,4.0,0.7,50.0,-15.0,8.4,0.0,4.0,7.8,-6.7,STRONG,全件,0.28,0,1,5.0,4.813,2476,64.1,0.593,1467.2,★
AB(複合),0.0,6.6,0.4,45.1,-11.5,8.5,3.5,7.6,6.4,-5.8,STRONG,全件,0.02,0,0,5.0,4.81,2714,63.5,0.646,1752.5,★
AB(複合),1.4,5.9,0.3,3.8,-9.3,10.0,2.4,4.6,3.4,-6.0,STRONG,全件,0.15,0,2,5.0,4.805,663,62.3,0.554,367.4,★
AB(複合),0.1,8.7,0.0,13.7,-8.0,10.0,3.8,2.6,7.8,-6.9,STRONG,全件,0.18,0,0,5.0,4.786,1706,63.0,0.651,1110.0,★
AB(複合),0.0,7.2,0.0,3.0,-14.4,2.1,4.4,4.7,4.8,-6.9,STRONG,全件,0.16,0,2,5.0,4.78,498,65.1,0.631,314.4,★
AB(複合),0.8,9.9,0.0,16.9,-5.5,7.8,4.2,6.3,6.1,-7.0,STRONG,全件,0.19,0,0,5.0,4.737,883,63.4,0.648,572.1,★
AB(複合),0.2,10.0,0.3,7.4,-11.9,2.9,2.2,8.4,5.9,-6.4,STRONG,全件,0.19,0,2,5.0,4.735,1186,64.1,0.617,731.5,★
AB(複合),1.7,6.0,0.6,15.9,-15.0,2.4,1.6,1.7,7.3,-7.0,STRONG,全件,0.0,0,2,5.0,4.721,989,63.7,0.582,575.8,★
A(順張り),1.2,9.1,0.0,14.3,-1.5,2.7,4.2,7.8,3.9,-7.0,STRONG,全件,0.04,0,1,5.0,4.718,305,66.6,0.531,161.8,★
AB(複合),0.0,7.9,0.0,50.0,-10.0,8.5,2.6,1.8,10.0,-2.7,STRONG,全件,0.0,0,0,5.0,4.713,4693,61.8,0.629,2950.2,★
AB(複合),1.6,7.1,0.3,47.1,-2.8,6.6,3.3,3.3,3.9,-5.5,STRONG,全件,0.07,0,0,5.0,4.666,951,64.1,0.556,529.0,★
AB(複合),0.7,10.0,0.0,48.0,-12.2,7.1,2.4,6.9,4.6,-3.5,STRONG,全件,0.0,0,2,5.0,4.652,2025,63.8,0.565,1144.6,★
AB(複合),1.1,8.6,0.6,17.0,-9.7,1.3,1.9,1.8,6.9,-7.0,STRONG,全件,0.02,0,0,5.0,4.638,3355,63.3,0.612,2052.4,★
AB(複合),0.0,9.3,0.5,42.7,-3.1,10.0,3.3,10.0,10.0,-5.0,STRONG,全件,0.14,0,0,5.0,4.615,1870,63.0,0.619,1158.1,★
AB(複合),1.3,10.0,0.0,29.7,-5.5,3.1,2.0,-1.4,3.1,-5.6,STRONG,全件,0.0,0,0,5.0,4.608,203,62.1,0.687,139.5,★
AB(複合),1.1,10.0,3.5,48.9,-13.2,9.0,5.1,3.5,9.1,-5.5,STRONG,全件,0.18,0,0,5.0,4.587,98,62.2,0.711,69.7,★
AB(複合),0.0,9.3,1.1,42.2,-5.9,10.0,3.2,4.6,4.1,-4.6,STRONG,全件,0.05,0,2,5.0,4.586,794,61.8,0.533,423.1,★
AB(複合),0.4,9.0,0.0,39.3,-8.1,5.5,2.5,1.6,3.5,-5.4,STRONG,全件,0.04,0,1,5.0,4.582,1964,62.7,0.538,1055.7,★
AB(複合),3.2,7.4,0.9,45.2,-9.9,3.5,1.9,0.9,7.5,-6.7,STRONG,全件,0.11,0,1,5.0,4.572,670,63.9,0.703,471.0,★
AB(複合),0.0,7.5,0.0,12.1,-12.2,10.0,2.3,7.7,4.0,-4.5,STRONG,全件,0.19,0,3,5.0,4.551,698,61.0,0.552,385.6,★
AB(複合),0.6,7.6,0.0,20.0,-15.0,1.2,4.2,10.0,5.9,-6.1,STRONG,全件,0.0,0,2,5.0,4.543,940,63.3,0.656,616.2,★
AB(複合),1.3,6.3,0.0,15.1,-9.2,6.5,6.4,1.8,9.3,-7.0,STRONG,全件,0.24,0,0,5.0,4.543,157,64.3,0.757,118.8,★
B(逆張り),0.3,10.0,0.0,8.1,-12.5,-0.4,2.9,10.0,3.6,-5.0,STRONG,全件,0.0,0,2,5.0,4.539,1951,64.4,0.557,1087.1,★
AB(複合),0.8,7.6,0.0,48.8,-6.4,10.0,4.0,4.1,10.0,-3.6,STRONG,全件,0.26,0,0,5.0,4.531,650,62.2,0.641,416.7,★
AB(複合),0.0,5.0,0.0,50.0,-14.2,10.0,5.6,8.1,5.5,-7.0,STRONG,全件,0.06,0,0,5.0,4.509,746,63.0,0.689,513.7,★
AB(複合),0.0,9.0,0.0,8.1,-11.8,2.1,1.5,4.0,7.7,-3.7,STRONG,全件,0.17,0,0,5.0,4.504,4469,62.1,0.567,2535.1,★
AB(複合),1.4,6.9,0.0,16.7,-8.4,2.6,4.8,-1.0,10.0,-7.0,STRONG,全件,0.0,0,0,5.0,4.5,90,62.2,1.019,91.7,★
AB(複合),0.0,8.8,0.0,50.0,-13.8,8.5,4.3,5.6,10.0,-6.2,STRONG,全件,0.04,0,0,5.0,4.491,1747,62.7,0.686,1198.0,★
AB(複合),0.5,8.3,0.2,10.9,-13.1,6.8,0.1,2.5,5.1,-5.6,STRONG,全件,0.14,0,5,5.0,4.487,266,63.9,0.507,135.0,★
AB(複合),3.5,6.4,0.0,32.2,-9.0,8.7,5.1,0.7,1.6,-5.9,STRONG,全件,0.04,0,0,5.0,4.469,130,76.2,0.506,65.7,★
AB(複合),1.1,8.6,0.0,4.0,-11.1,8.0,1.7,8.9,9.5,-6.2,STRONG,全件,0.0,0,0,5.0,4.468,6446,62.9,0.644,4151.5,★
AB(複合),0.3,7.4,0.7,50.0,-15.0,8.4,0.0,4.0,5.4,-6.7,STRONG,全件,0.28,0,1,5.0,4.458,2985,63.3,0.547,1633.7,★
AB(複合),1.5,9.9,0.0,27.9,-5.2,4.7,1.1,1.9,5.8,-7.0,STRONG,全件,0.09,0,2,5.0,4.443,861,63.3,0.506,435.7,★
AB(複合),1.1,8.7,0.0,28.0,-5.7,10.0,0.0,3.4,5.3,-7.0,STRONG,全件,0.18,0,1,5.0,4.443,3014,63.1,0.558,1680.8,★
AB(複合),0.0,7.9,0.0,10.2,-15.0,7.2,3.0,3.5,3.6,-4.8,STRONG,全件,0.06,0,0,5.0,4.414,4533,61.9,0.528,2394.5,★
AB(複合),0.4,7.2,0.0,21.4,-8.1,4.3,2.6,3.6,3.0,-3.0,STRONG,全件,0.16,0,0,5.0,4.396,2852,61.1,0.47,1340.1,★
AB(複合),0.6,10.0,0.4,50.0,-3.9,2.3,4.1,2.1,8.0,-6.2,STRONG,全件,0.0,0,1,5.0,4.387,778,61.3,0.534,415.7,★
AB(複合),1.0,8.6,0.4,37.2,-13.7,5.4,2.7,9.4,7.5,-6.3,STRONG,全件,0.0,0,3,5.0,4.386,1020,62.1,0.592,603.7,★
AB(複合),0.0,8.5,0.1,50.0,-4.6,8.7,4.4,9.3,4.7,-5.9,STRONG,全件,0.0,0,1,5.0,4.373,1194,61.8,0.529,631.9,★
AB(複合),0.3,8.4,0.2,4.0,-11.2,8.0,2.7,10.0,5.5,-6.0,STRONG,全件,0.0,0,1,5.0,4.366,3345,62.4,0.562,1881.3,★
AB(複合),0.0,5.4,0.4,45.1,-9.0,8.5,4.9,6.1,4.9,-6.0,STRONG,全件,0.04,0,2,5.0,4.36,664,63.9,0.574,381.4,★
AB(複合),0.6,4.9,0.0,45.8,-12.4,9.4,4.8,9.6,3.8,-6.9,STRONG,全件,0.0,0,2,5.0,4.356,690,64.1,0.557,384.2,★
AB(複合),0.0,7.3,1.1,3.0,-14.1,10.0,2.7,6.9,7.3,-7.0,STRONG,全件,0.0,0,0,5.0,4.355,3110,61.7,0.594,1846.7,★
AB(複合),0.0,5.6,0.0,3.0,-6.6,3.8,2.3,3.9,8.3,-7.0,STRONG,全件,0.05,0,1,5.0,4.353,2170,61.5,0.54,1171.8,★
AB(複合),0.0,7.0,0.0,36.0,-15.0,6.2,4.3,5.1,3.6,-4.2,STRONG,全件,0.15,0,2,5.0,4.331,571,64.4,0.545,311.4,★
AB(複合),1.7,8.8,0.0,3.0,-7.4,8.4,3.7,5.9,5.5,-6.2,STRONG,全件,0.04,0,2,5.0,4.326,582,63.1,0.545,316.9,★
AB(複合),0.0,10.0,0.3,6.2,-6.0,4.8,3.2,9.4,8.9,-7.0,STRONG,全件,0.0,0,3,5.0,4.311,916,62.4,0.549,503.1,★
AB(複合),2.0,6.4,0.0,4.9,-13.2,4.3,2.2,2.3,5.2,-7.0,STRONG,全件,0.07,0,0,5.0,4.309,1403,62.9,0.558,782.9,★
AB(複合),0.0,10.0,0.6,35.6,-9.0,6.4,0.4,6.4,3.1,-6.5,STRONG,全件,0.09,0,1,5.0,4.305,4834,63.8,0.492,2379.6,★
AB(複合),0.4,9.0,0.6,50.0,-5.6,9.7,3.4,10.0,9.6,-7.0,STRONG,全件,0.06,0,1,5.0,4.301,1507,62.7,0.556,838.3,★
AB(複合),6.0,9.4,0.0,3.0,-14.3,3.0,3.3,1.5,7.6,-3.0,STRONG,全件,0.0,0,0,5.0,4.3,86,67.4,1.229,105.7,★
AB(複合),0.0,5.8,0.0,19.6,-6.0,6.1,2.6,2.7,3.0,-3.8,STRONG,全件,0.16,0,1,5.0,4.293,1500,60.8,0.468,702.2,★
AB(複合),0.0,9.0,0.4,3.0,-3.9,8.4,5.1,1.1,9.2,-6.8,STRONG,全件,0.0,0,1,5.0,4.291,311,62.7,0.583,181.3,★
AB(複合),0.2,9.9,0.0,36.9,-12.7,9.1,0.5,3.2,9.2,-4.4,STRONG,全件,0.24,0,2,5.0,4.288,1493,62.7,0.529,789.1,★
AB(複合),1.0,8.3,0.0,34.7,-4.0,4.7,3.8,1.5,4.1,-3.8,STRONG,全件,0.02,0,3,5.0,4.284,345,62.0,0.475,163.9,★
AB(複合),0.4,8.1,0.0,44.6,-15.0,6.0,1.4,10.0,2.9,-6.1,STRONG,全件,0.0,0,1,5.0,4.279,4760,63.8,0.496,2361.9,★
AB(複合),1.8,10.0,0.0,5.3,-8.9,9.0,4.7,2.8,6.2,-6.5,STRONG,全件,0.06,0,2,5.0,4.274,395,63.8,0.634,250.4,★
AB(複合),0.6,5.5,0.0,50.0,-9.8,2.4,5.8,2.4,5.8,-5.5,STRONG,全件,0.06,0,0,5.0,4.257,514,61.7,0.611,314.0,★
AB(複合),0.0,10.0,0.0,3.8,-11.6,5.5,3.5,8.0,4.5,-7.0,STRONG,全件,0.08,0,1,5.0,4.253,1650,62.8,0.556,917.9,★
AB(複合),3.0,9.0,0.0,19.9,-5.6,9.6,5.3,6.0,8.7,-2.9,STRONG,全件,0.0,0,1,5.0,4.244,335,62.7,0.586,196.4,★
B(逆張り),1.4,6.8,0.0,9.2,-2.6,-0.5,2.4,6.0,7.9,-5.5,STRONG,全件,0.02,0,0,5.0,4.242,877,60.9,0.507,444.2,★
AB(複合),1.3,5.9,0.0,14.2,-13.9,1.6,2.2,5.7,3.6,-3.6,STRONG,全件,0.0,0,0,5.0,4.241,2527,61.9,0.489,1234.8,★
AB(複合),0.0,6.5,0.2,50.0,-15.0,10.0,4.3,7.0,5.0,-7.0,STRONG,全件,0.05,0,2,5.0,4.238,725,63.3,0.582,422.3,★
AB(複合),0.2,10.0,0.2,38.7,-15.0,9.9,1.9,8.5,9.0,-4.3,STRONG,全件,0.0,0,1,5.0,4.233,5275,62.5,0.576,3037.4,★
AB(複合),0.0,7.7,0.5,48.8,-15.0,3.8,3.4,2.6,7.3,-5.6,STRONG,全件,0.13,0,1,5.0,4.219,1275,62.0,0.56,713.7,★
AB(複合),0.0,6.3,0.0,16.0,-15.0,8.6,3.5,10.0,5.7,-3.4,STRONG,全件,0.04,0,0,5.0,4.207,2612,62.2,0.547,1428.7,★
AB(複合),0.2,7.0,0.0,49.7,-13.6,6.1,6.6,10.0,8.9,-6.0,STRONG,全件,0.14,0,0,5.0,4.19,400,63.0,0.715,286.0,★
AB(複合),0.0,6.1,0.4,3.0,-3.9,8.4,5.1,1.1,9.2,-7.0,STRONG,全件,0.23,0,1,5.0,4.176,160,63.1,0.601,96.2,★
AB(複合),0.0,6.4,1.8,14.7,-9.7,8.5,3.3,1.6,6.0,-5.4,STRONG,全件,0.04,0,0,5.0,4.172,609,64.0,0.565,344.0,★
AB(複合),0.0,10.0,2.7,27.3,-14.1,6.6,0.1,-0.5,8.1,-5.9,STRONG,全件,0.07,0,1,5.0,4.171,130,63.1,0.963,125.2,★
AB(複合),0.0,6.0,0.5,3.0,-11.8,2.4,2.8,5.3,10.0,-4.1,STRONG,全件,0.04,0,3,5.0,4.163,927,62.7,0.53,491.1,★
AB(複合),2.2,8.7,0.6,44.6,-12.9,1.8,4.7,7.5,7.1,-6.5,STRONG,全件,0.0,0,2,5.0,4.145,600,61.7,0.63,378.1,★
AB(複合),0.0,8.6,0.1,27.8,-7.2,7.7,5.2,3.0,2.9,-6.3,STRONG,全件,0.03,0,2,5.0,4.141,439,63.3,0.51,224.1,★
AB(複合),0.7,9.5,0.3,11.4,-13.8,3.1,3.8,7.9,9.5,-7.0,STRONG,全件,0.17,0,0,5.0,4.14,1640,61.5,0.567,929.9,★
AB(複合),0.0,6.1,0.0,49.5,-5.8,7.7,2.9,3.1,7.5,-2.2,STRONG,全件,0.23,0,2,5.0,4.117,813,58.7,0.491,399.1,★
AB(複合),0.0,6.8,0.3,8.2,-6.0,4.8,3.2,9.4,8.9,-3.4,STRONG,全件,0.0,0,1,5.0,4.097,1972,62.0,0.516,1017.8,★
AB(複合),0.0,10.0,0.0,42.6,-15.0,1.8,3.6,10.0,6.7,-3.2,STRONG,全件,0.0,0,0,5.0,4.091,3198,61.7,0.541,1731.0,★
AB(複合),0.2,9.3,0.9,44.3,-13.0,10.0,5.0,3.4,5.1,-4.5,STRONG,全件,0.0,0,0,5.0,4.084,1680,61.6,0.555,933.2,★
AB(複合),0.1,8.1,0.0,39.3,-5.4,8.0,6.5,3.7,7.4,-4.4,STRONG,全件,0.0,0,1,5.0,4.082,379,60.2,0.568,215.2,★
AB(複合),0.0,8.4,0.9,21.4,-9.7,6.0,2.3,10.0,5.6,-7.0,STRONG,全件,0.19,0,2,5.0,4.075,1004,62.1,0.53,532.2,★
AB(複合),0.2,10.0,0.0,3.0,-14.6,6.8,6.1,8.2,9.2,-5.4,STRONG,全件,0.22,0,0,5.0,4.071,282,64.2,0.684,192.9,★
AB(複合),1.8,10.0,0.0,7.0,-9.3,3.5,2.0,2.3,2.4,-5.8,STRONG,全件,0.1,0,0,5.0,4.055,1883,62.6,0.446,839.9,★
AB(複合),0.0,7.0,2.2,5.4,-5.3,8.9,3.6,-0.4,3.9,-2.9,STRONG,全件,0.0,0,0,5.0,4.042,85,62.4,0.576,48.9,★
AB(複合),1.2,8.1,1.0,31.6,-8.0,10.0,4.2,4.9,10.0,-3.8,STRONG,全件,0.09,0,0,5.0,4.022,937,61.3,0.576,539.6,★
AB(複合),0.0,9.7,0.8,50.0,-9.5,2.0,4.1,6.3,2.6,-5.8,STRONG,全件,0.01,0,0,5.0,4.017,1495,63.2,0.469,700.5,★
AB(複合),3.4,10.0,2.9,17.8,-6.7,8.0,6.6,7.2,9.1,-4.5,STRONG,全件,0.05,0,0,5.0,4.003,109,61.5,0.585,63.7,★
AB(複合),2.1,7.4,2.6,13.0,-15.0,7.3,4.7,7.9,7.7,-3.6,STRONG,全件,0.16,0,0,5.0,3.992,215,62.8,0.578,124.2,★
AB(複合),1.4,8.0,0.6,45.3,-15.0,9.6,3.8,8.3,5.3,-6.8,STRONG,全件,0.06,0,0,5.0,3.967,1774,61.7,0.547,970.4,★
B(逆張り),1.7,6.1,0.7,46.3,-5.9,-0.4,2.9,3.3,3.0,-0.5,STRONG,全件,0.0,0,2,5.0,3.952,784,37.4,0.294,230.2,★
AB(複合),0.6,4.2,1.1,24.8,-11.8,3.3,1.9,4.6,7.8,-5.4,STRONG,全件,0.19,0,1,5.0,3.929,1016,59.9,0.511,519.1,★
AB(複合),0.0,8.2,1.2,18.8,-2.3,10.0,1.1,4.1,8.7,-4.3,STRONG,全件,0.23,0,1,5.0,3.914,849,59.0,0.488,414.3,★
AB(複合),0.0,6.4,0.8,3.6,-10.3,6.9,3.1,7.6,3.5,-5.7,STRONG,全件,0.13,0,3,5.0,3.895,516,62.2,0.46,237.3,★
AB(複合),2.5,8.4,0.0,35.8,-12.0,9.0,5.4,6.1,8.6,-2.9,STRONG,全件,0.0,0,0,5.0,3.887,704,61.9,0.608,427.9,★
AB(複合),0.7,6.8,0.2,14.1,-11.3,5.2,6.4,7.2,9.8,-5.8,STRONG,全件,0.0,0,0,5.0,3.858,562,60.9,0.624,350.6,★
AB(複合),0.7,5.7,0.3,22.3,-11.0,10.0,2.5,4.3,6.0,-7.0,STRONG,全件,0.24,0,1,5.0,3.84,985,60.5,0.49,482.2,★
AB(複合),0.1,6.3,0.7,44.7,-15.0,1.9,5.5,8.5,6.8,-7.0,STRONG,全件,0.1,0,2,5.0,3.767,375,62.4,0.575,215.5,★
AB(複合),0.0,9.0,0.0,8.7,-15.0,3.2,5.1,2.6,10.0,-7.0,STRONG,全件,0.32,0,1,5.0,3.743,262,61.5,0.562,147.3,★
AB(複合),1.2,8.3,0.0,50.0,-10.4,6.2,4.7,3.8,2.5,-7.0,STRONG,全件,0.01,0,0,5.0,3.727,1218,63.5,0.462,562.2,★
AB(複合),0.0,10.0,0.0,36.6,-15.0,7.8,5.8,7.4,3.6,-6.7,STRONG,全件,0.0,0,1,5.0,3.719,991,60.6,0.522,516.8,★
AB(複合),0.9,8.6,0.2,22.6,-9.4,9.4,8.0,10.0,6.5,-6.1,STRONG,全件,0.04,0,2,5.0,3.719,164,59.1,0.608,99.7,★
AB(複合),1.4,10.0,0.0,50.0,-12.7,6.1,2.4,8.6,8.7,-4.0,STRONG,全件,0.1,0,0,5.0,3.719,2955,59.6,0.535,1580.6,★
AB(複合),0.0,8.8,0.6,10.2,-15.0,7.6,3.0,3.5,9.8,-7.0,STRONG,全件,0.08,0,1,5.0,3.713,2494,60.6,0.523,1304.4,★
AB(複合),0.0,9.7,0.3,3.0,-7.5,3.0,4.1,6.3,6.4,-4.4,STRONG,全件,0.02,0,1,5.0,3.713,1007,61.3,0.506,509.6,★
AB(複合),0.0,10.0,0.0,12.0,-15.0,10.0,6.1,4.1,3.2,-6.5,STRONG,全件,0.02,0,2,5.0,3.706,335,62.1,0.52,174.3,★
AB(複合),1.8,7.1,0.0,6.5,-9.8,4.0,4.2,8.8,6.7,-5.4,STRONG,全件,0.0,0,0,5.0,3.701,1064,61.7,0.539,573.1,★
A(順張り),3.6,9.0,0.8,35.8,-1.2,8.2,3.0,7.6,9.6,-7.0,STRONG,全件,0.0,0,2,5.0,3.666,180,61.7,0.446,80.2,★
AB(複合),0.0,9.9,0.5,32.8,-15.0,5.9,3.3,2.8,10.0,-6.9,STRONG,全件,0.09,0,3,5.0,3.665,600,59.8,0.472,283.2,★
AB(複合),0.1,7.5,0.0,44.2,-13.7,7.3,5.6,3.2,10.0,-2.8,STRONG,全件,0.05,0,1,5.0,3.639,650,58.8,0.56,364.1,★
AB(複合),0.0,9.4,0.4,20.1,-5.9,6.8,5.6,7.8,3.0,-7.0,STRONG,全件,0.22,0,3,5.0,3.613,187,59.9,0.441,82.5,★
AB(複合),0.9,10.0,1.6,38.7,-15.0,6.1,3.6,4.7,4.2,-7.0,STRONG,全件,0.14,0,0,5.0,3.602,937,60.0,0.48,450.1,★
A(順張り),0.8,8.7,2.1,14.8,2.1,8.2,2.8,1.1,8.0,-3.1,STRONG,全件,0.07,0,0,5.0,3.6,227,55.9,0.715,162.3,★
AB(複合),1.9,10.0,0.0,50.0,-14.3,6.8,5.1,2.6,9.6,-7.0,STRONG,全件,0.0,0,1,5.0,3.596,563,59.7,0.587,330.6,★
AB(複合),0.0,8.4,0.0,42.7,-13.8,10.0,7.3,4.7,4.9,-7.0,STRONG,全件,0.01,0,0,5.0,3.524,361,59.3,0.561,202.6,★
AB(複合),0.0,8.9,0.0,50.0,-9.6,10.0,6.3,9.8,10.0,-4.4,STRONG,全件,0.25,0,2,5.0,3.497,172,60.5,0.55,94.6,★
AB(複合),2.3,7.7,0.0,3.7,-7.1,10.0,3.3,4.7,9.7,-4.7,STRONG,全件,0.04,0,1,5.0,3.488,697,61.4,0.472,329.0,★
AB(複合),0.3,6.6,0.2,41.9,-8.4,9.7,4.9,10.0,9.3,-4.5,STRONG,全件,0.12,0,1,5.0,3.451,798,61.7,0.471,376.1,★
AB(複合),0.4,9.1,1.1,17.5,-12.9,5.8,4.4,5.7,4.6,-6.7,STRONG,全件,0.0,0,1,5.0,3.433,1179,59.1,0.479,564.3,★
AB(複合),0.0,7.4,0.0,20.2,-13.1,0.8,5.6,9.0,9.8,-3.8,STRONG,全件,0.04,0,2,5.0,3.428,522,61.3,0.567,295.8,★
AB(複合),1.1,8.5,1.5,6.1,-5.4,7.6,2.8,7.9,4.2,-4.1,STRONG,全件,0.21,0,0,5.0,3.426,1320,57.8,0.455,600.4,★
AB(複合),4.4,7.3,0.0,50.0,-10.3,9.3,3.1,7.9,5.2,-5.9,STRONG,全件,0.07,0,0,5.0,3.404,528,62.7,0.49,258.8,★
AB(複合),2.6,9.0,1.2,22.6,-11.3,6.6,5.1,7.4,6.4,-3.1,STRONG,全件,0.0,0,1,5.0,3.402,529,58.6,0.534,282.3,★
AB(複合),0.8,9.7,0.0,19.0,-11.9,10.0,3.0,6.7,2.0,-5.3,STRONG,全件,0.0,0,0,5.0,3.316,5321,63.0,0.359,1911.0,★
AB(複合),0.0,7.6,0.4,47.5,-9.4,10.0,1.3,1.8,1.0,-3.7,STRONG,全件,0.0,0,1,5.0,3.314,3949,70.0,0.25,987.1,★
AB(複合),0.0,6.8,1.0,50.0,-15.0,9.0,3.3,10.0,2.9,-5.8,STRONG,全件,0.16,0,1,5.0,3.292,917,60.3,0.39,357.4,★
AB(複合),0.0,7.9,1.5,15.6,-4.7,1.2,3.6,5.4,9.0,-7.0,STRONG,全件,0.06,0,1,5.0,3.289,768,58.3,0.393,301.6,★
AB(複合),0.9,10.0,2.5,38.7,-15.0,5.3,3.6,4.3,4.2,-7.0,STRONG,全件,0.0,0,1,5.0,3.221,593,58.3,0.447,264.8,★
B(逆張り),0.0,6.6,0.0,3.0,-13.1,-1.2,4.4,4.4,4.4,-7.0,STRONG,全件,0.0,0,1,5.0,3.211,805,57.3,0.468,376.7,★
B(逆張り),0.6,7.1,0.0,14.4,-7.1,-1.8,4.2,8.5,10.0,-6.1,STRONG,全件,0.0,0,1,5.0,3.195,625,57.0,0.472,295.0,★
B(逆張り),1.5,8.4,0.3,40.7,-7.7,-0.1,4.5,7.4,7.4,-4.4,STRONG,全件,0.0,0,0,5.0,3.191,920,58.7,0.455,418.1,★
AB(複合),1.5,10.0,1.7,46.0,-14.8,2.3,4.4,6.2,5.0,-4.8,STRONG,全件,0.0,0,0,5.0,3.171,974,59.9,0.447,435.5,★
AB(複合),0.0,6.8,1.0,50.0,-15.0,9.0,3.3,10.0,2.9,-5.8,STRONG,全件,0.12,0,1,5.0,3.12,1047,60.2,0.37,387.4,★
AB(複合),0.0,6.9,0.0,20.5,-8.1,6.1,6.3,5.4,8.4,-3.9,STRONG,全件,0.27,0,1,5.0,3.112,172,59.3,0.476,81.9,★
AB(複合),1.0,6.4,0.0,40.8,-11.0,5.4,6.5,10.0,10.0,-5.9,STRONG,全件,0.0,0,0,5.0,3.104,492,58.9,0.513,252.6,★
AB(複合),2.2,6.8,1.4,41.6,-11.5,1.0,3.0,6.5,7.9,-4.0,STRONG,全件,0.03,0,1,5.0,3.039,666,59.8,0.437,291.2,★
AB(複合),0.0,8.6,0.0,13.8,-10.3,10.0,0.1,-4.3,7.8,-5.9,STRONG,全件,0.12,0,0,5.0,3.02,150,54.0,0.666,100.0,★
AB(複合),5.5,7.2,0.1,3.2,-6.2,4.0,2.2,10.0,6.9,-4.8,STRONG,全件,0.19,0,1,5.0,2.967,128,60.2,0.487,62.4,★
AB(複合),0.3,9.2,0.0,3.0,-13.6,1.6,6.1,3.3,8.1,-5.6,STRONG,全件,0.0,0,1,5.0,2.945,355,57.5,0.466,165.4,★
AB(複合),2.2,10.0,0.4,11.9,-10.7,5.2,4.1,3.5,9.5,-7.0,STRONG,全件,0.14,0,1,5.0,2.917,467,59.7,0.432,201.7,★
AB(複合),3.5,7.3,2.1,39.7,-6.4,10.0,4.9,10.0,5.9,-4.2,STRONG,全件,0.0,0,1,5.0,2.896,291,59.1,0.395,114.9,★
AB(複合),4.5,6.3,2.2,45.0,-8.1,6.7,4.8,10.0,6.9,-6.2,STRONG,全件,0.14,0,0,5.0,2.75,120,62.5,0.42,50.4,★
AB(複合),0.3,8.1,0.0,13.7,-12.8,7.2,2.4,8.0,5.6,-7.0,STRONG,全件,0.11,1,0,5.0,2.694,340,54.7,0.327,111.3,★
AB(複合),0.0,7.9,1.1,20.4,-5.0,10.0,0.0,-4.5,1.4,-6.5,STRONG,全件,0.19,0,0,5.0,2.659,102,74.5,0.345,35.2,★
AB(複合),0.0,8.4,1.7,21.5,-9.7,0.1,7.3,7.0,8.5,-6.6,STRONG,全件,0.0,0,0,5.0,2.655,257,54.9,0.436,111.9,★
AB(複合),0.0,8.5,1.1,29.6,-6.4,5.9,3.8,3.2,10.0,-6.7,STRONG,全件,0.29,0,4,5.0,2.201,150,54.0,0.268,40.1,★
AB(複合),3.6,5.8,1.2,17.3,-9.2,1.1,3.4,3.1,6.7,-5.7,STRONG,全件,0.03,0,1,5.0,2.128,295,59.7,0.289,85.4,★
AB(複合),0.3,8.6,2.1,4.7,-11.5,8.3,8.0,8.8,9.3,-7.0,STRONG,全件,0.06,0,1,5.0,2.045,157,54.8,0.364,57.1,★
AB(複合),1.2,10.0,0.1,12.4,-11.5,9.7,7.4,-0.0,6.8,-7.0,STRONG,全件,0.22,0,0,5.0,1.8,36,69.4,1.196,43.1,★
AB(複合),0.0,7.0,1.5,46.2,-7.2,6.8,4.6,4.8,9.5,-3.2,STRONG,全件,0.28,0,2,5.0,1.734,190,55.3,0.221,42.0,★
AB(複合),0.5,9.7,0.5,33.4,-5.2,10.0,0.6,6.0,7.9,-5.9,STRONG,全件,0.0,1,1,5.0,1.635,368,55.7,0.192,70.6,★
A(順張り),1.2,6.1,0.1,45.7,2.5,9.8,3.2,2.6,8.7,-4.0,STRONG,全件,0.39,0,0,5.0,1.6,32,62.5,1.066,34.1,★
AB(複合),0.0,10.0,1.6,3.7,-13.5,4.3,3.0,3.3,3.3,-4.8,STRONG,全件,0.14,0,3,5.0,1.447,201,51.2,0.177,35.5,★
AB(複合),1.1,7.3,0.0,22.5,-12.0,2.2,6.1,9.9,8.7,-5.0,STRONG,全件,0.0,0,3,5.0,0.51,207,51.2,0.085,17.6,
AB(複合),0.0,9.5,0.0,34.0,-5.3,10.0,7.9,1.0,8.9,-4.5,NORMAL+STRONG,全件,0.15,0,0,5.0,0.026,493,52.1,0.005,2.2,
