score_min,gap_min,gap_max,rise_lo,tp,sl,cond,in_sharpe,out_sharpe,out_n,out_wr,out_avg,stable
0.0,-4.49,2.2,-5.8,10.0,-5.8,STRONG,5.0,5.0,25561,66.4,0.69,★
0.0,-9.64,0.38,-3.81,4.8,-8.4,STRONG,5.0,5.0,12216,70.5,0.793,★
0.0,-9.93,1.39,-8.91,3.2,-3.1,STRONG,5.0,5.0,22169,67.7,0.647,★
0.0,-5.65,0.72,-10.0,8.8,-10.0,STRONG,5.0,5.0,16398,69.6,0.804,★
0.93,-9.94,1.62,-10.0,4.8,-9.6,STRONG,5.0,5.0,14735,66.6,0.678,★
0.73,-5.3,0.0,-7.1,3.8,-1.1,STRONG,5.0,5.0,6010,61.8,0.824,★
0.0,-6.79,0.0,-2.92,3.9,-9.9,STRONG,5.0,5.0,7772,71.4,0.824,★
0.28,-10.0,2.22,-8.64,3.8,-7.6,STRONG,5.0,5.0,23034,66.5,0.632,★
0.0,-8.0,0.0,-3.28,8.5,-9.6,STRONG,5.0,5.0,7960,70.8,0.895,★
0.4,-9.53,0.0,-5.19,8.2,-9.9,STRONG,5.0,5.0,7051,69.9,0.901,★
0.21,-6.81,0.0,-8.0,6.0,-8.3,STRONG,5.0,5.0,7780,70.6,0.885,★
0.67,-9.5,1.82,-7.42,1.9,-10.0,STRONG,5.0,5.0,17602,68.5,0.517,★
1.17,-9.74,0.0,-3.38,4.7,-8.4,STRONG,5.0,5.0,4589,68.9,0.809,★
0.0,-5.02,0.0,-6.83,7.0,-5.1,STRONG,5.0,5.0,8328,70.9,0.897,★
0.49,-2.86,0.0,-7.93,2.9,-7.9,STRONG,5.0,5.0,6429,71.5,0.769,★
1.37,-8.11,1.09,-9.4,6.4,-7.3,STRONG,5.0,5.0,9810,66.8,0.726,★
0.0,-4.48,1.21,-6.27,7.0,-3.9,STRONG,5.0,5.0,20420,68.3,0.727,★
0.17,-2.96,0.0,-6.03,7.1,-10.0,STRONG,5.0,5.0,7354,71.3,0.899,★
0.0,-8.3,2.69,-2.99,6.8,-9.5,STRONG,5.0,5.0,25180,66.1,0.653,★
0.0,-3.53,0.51,-8.23,10.0,-8.8,STRONG,5.0,5.0,13812,70.4,0.83,★
0.0,-8.53,2.52,-1.44,3.7,-8.3,STRONG,5.0,5.0,21613,66.6,0.616,★
0.12,-4.04,0.19,-1.91,2.5,-7.5,STRONG,5.0,5.0,8299,72.2,0.718,★
0.06,-4.11,0.24,-0.17,5.6,-6.6,STRONG,5.0,5.0,6443,70.2,0.824,★
0.0,-4.99,0.33,-2.78,5.5,-9.4,STRONG,5.0,5.0,10979,70.9,0.815,★
0.88,-4.61,0.0,-8.9,3.8,-5.9,STRONG,5.0,5.0,5615,69.5,0.799,★
0.0,-9.65,0.57,-4.71,7.9,-3.7,STRONG,5.0,5.0,14522,69.4,0.786,★
0.0,-7.06,0.0,-10.0,5.0,-6.6,STRONG,5.0,5.0,8621,70.7,0.874,★
1.03,-9.79,0.0,-3.19,4.5,-10.0,STRONG,5.0,5.0,4884,69.3,0.822,★
1.77,-4.73,0.0,-8.49,2.0,-0.8,STRONG,5.0,5.0,3580,59.9,0.74,★
1.34,-7.22,0.45,-2.74,6.5,-4.9,STRONG,5.0,5.0,6168,67.6,0.743,★
0.01,-7.18,0.0,-5.0,10.0,-10.0,STRONG,5.0,5.0,8279,70.7,0.911,★
0.0,-10.0,3.11,-1.17,4.8,-5.8,STRONG,5.0,5.0,21377,66.0,0.62,★
1.41,-2.34,2.62,-4.0,5.5,-2.9,STRONG,5.0,5.0,11599,64.0,0.615,★
0.56,-10.0,0.0,-10.0,9.1,-5.9,STRONG,5.0,5.0,6793,69.3,0.936,★
0.71,-10.0,0.0,-7.97,7.0,-10.0,STRONG,5.0,5.0,6264,69.4,0.908,★
0.0,-6.47,0.77,-3.72,4.5,-10.0,STRONG,5.0,5.0,16130,69.8,0.749,★
0.0,-9.16,0.0,-4.98,9.9,-2.6,STRONG,5.0,5.0,8360,68.6,0.862,★
0.0,-7.04,0.0,-4.15,8.6,-10.0,STRONG,5.0,5.0,8153,70.8,0.905,★
0.0,-8.96,3.25,-7.61,8.8,-4.3,STRONG,5.0,5.0,27993,65.3,0.658,★
0.0,-4.54,0.71,-3.45,3.8,-1.3,STRONG,5.0,5.0,15267,65.9,0.714,★
1.07,-5.77,0.0,-8.01,3.0,-10.0,STRONG,5.0,5.0,5153,70.0,0.739,★
0.12,-6.48,0.38,-2.99,8.6,-10.0,STRONG,5.0,5.0,11119,70.5,0.819,★
0.04,-5.35,4.38,-8.74,5.1,-8.8,STRONG,5.0,5.0,28461,65.4,0.629,★
0.0,-7.63,0.0,-2.2,4.2,-2.2,STRONG,5.0,5.0,7487,68.9,0.804,★
1.2,-3.65,0.0,-7.23,5.0,-5.7,STRONG,5.0,5.0,4604,69.2,0.842,★
0.82,-8.3,0.0,-9.89,7.5,-5.2,STRONG,5.0,5.0,5988,68.7,0.89,★
0.66,-10.0,0.0,-8.51,9.6,-6.8,STRONG,5.0,5.0,6455,69.2,0.94,★
0.44,-7.13,0.69,-4.85,4.8,-4.3,STRONG,5.0,5.0,12867,69.0,0.738,★
0.0,-5.59,3.85,-7.15,8.5,-4.1,STRONG,5.0,5.0,28396,65.2,0.651,★
0.9,-4.71,3.07,-3.95,2.6,-8.1,STRONG,5.0,5.0,16339,66.2,0.545,★
0.0,-8.4,0.0,-0.86,7.5,-10.0,STRONG,5.0,5.0,6340,70.6,0.859,★
0.0,-8.75,0.0,-8.61,3.5,-3.2,STRONG,5.0,5.0,8629,70.0,0.795,★
0.0,-3.81,0.0,-2.8,10.0,-7.5,STRONG,5.0,5.0,7456,71.6,0.909,★
0.89,-7.85,1.78,-4.52,9.4,-8.1,STRONG,5.0,5.0,14898,66.1,0.69,★
1.29,-7.08,1.8,-7.36,6.7,-4.6,STRONG,5.0,5.0,12270,65.4,0.675,★
0.0,-8.9,1.07,-10.0,3.8,-6.3,STRONG,5.0,5.0,19899,68.8,0.702,★
0.0,-6.99,0.06,-7.76,10.0,-7.7,STRONG,5.0,5.0,8905,70.6,0.918,★
0.21,-7.98,2.94,-5.36,5.2,-5.5,STRONG,5.0,5.0,24514,65.7,0.635,★
0.36,-7.34,1.21,-8.0,4.6,-10.0,STRONG,5.0,5.0,17587,68.3,0.712,★
0.0,-9.78,4.37,-3.86,4.6,-5.5,STRONG,5.0,5.0,27790,65.4,0.612,★
0.0,-10.0,0.0,-2.78,8.9,-8.0,STRONG,5.0,5.0,7808,70.7,0.884,★
0.0,-9.6,0.53,-1.88,3.8,-7.7,STRONG,5.0,5.0,12432,70.5,0.737,★
1.05,-9.3,0.93,-2.08,10.0,-9.4,STRONG,5.0,5.0,9382,67.9,0.757,★
1.33,-8.91,0.0,-3.99,10.0,-2.5,STRONG,5.0,5.0,4292,64.8,0.815,★
0.0,-4.82,1.61,-10.0,4.1,-9.6,STRONG,5.0,5.0,23412,67.8,0.675,★
0.0,-5.75,1.42,-3.62,1.7,-10.0,STRONG,5.0,5.0,21115,70.5,0.543,★
0.0,-4.25,0.12,-10.0,3.3,-7.8,STRONG,5.0,5.0,9485,71.4,0.79,★
1.72,-6.78,0.0,-9.24,8.2,-7.6,STRONG,5.0,5.0,3775,66.6,0.852,★
0.31,-7.66,0.0,-3.04,5.4,-8.0,STRONG,5.0,5.0,6823,70.6,0.847,★
0.31,-10.0,1.92,-9.75,3.9,-6.8,STRONG,5.0,5.0,21820,66.7,0.646,★
0.0,-4.7,0.0,-1.45,3.9,-8.6,STRONG,5.0,5.0,6754,71.7,0.821,★
0.0,-4.88,0.0,-4.89,4.0,-6.3,STRONG,5.0,5.0,8122,71.4,0.845,★
1.19,-9.36,0.0,-6.0,5.0,-9.1,STRONG,5.0,5.0,4825,68.7,0.838,★
1.44,-10.0,1.7,-7.84,5.4,-6.3,STRONG,5.0,5.0,11149,65.6,0.666,★
0.0,-6.68,1.51,-2.71,5.6,-10.0,STRONG,5.0,5.0,20949,68.0,0.692,★
0.44,-9.2,1.71,-4.97,6.0,-2.1,STRONG,5.0,5.0,19060,64.9,0.653,★
1.19,-1.77,0.0,-1.36,3.6,-6.6,STRONG,5.0,5.0,3310,70.5,0.769,★
1.05,-5.48,0.0,-4.09,5.7,-8.1,STRONG,5.0,5.0,4881,69.2,0.852,★
0.87,-8.79,0.0,-3.84,10.0,-6.9,STRONG,5.0,5.0,5446,68.8,0.892,★
0.17,-6.94,0.29,-2.1,5.6,-8.9,STRONG,5.0,5.0,9424,70.6,0.797,★
0.0,-10.0,1.03,-10.0,8.3,-3.3,STRONG,5.0,5.0,19624,67.9,0.741,★
0.77,-5.1,0.0,-10.0,5.6,-10.0,STRONG,5.0,5.0,5983,69.7,0.869,★
0.68,-8.99,1.28,-3.97,5.9,-10.0,STRONG,5.0,5.0,14626,67.8,0.718,★
0.93,-9.64,0.0,-1.19,7.3,-5.4,STRONG,5.0,5.0,4329,68.4,0.82,★
0.0,-2.92,0.0,-6.28,7.3,-8.4,STRONG,5.0,5.0,7935,71.6,0.908,★
0.0,-4.39,0.0,-3.64,6.4,-8.7,STRONG,5.0,5.0,7849,71.3,0.888,★
0.0,-8.97,2.62,-10.0,7.5,-10.0,STRONG,5.0,5.0,27291,65.9,0.674,★
0.97,-10.0,1.52,-5.23,8.0,-10.0,STRONG,5.0,5.0,13616,66.7,0.711,★
0.86,-4.46,0.0,-10.0,9.0,-6.8,STRONG,5.0,5.0,5683,69.2,0.909,★
0.0,-6.78,0.0,-2.58,7.7,-5.8,STRONG,5.0,5.0,7645,70.9,0.879,★
0.04,-5.35,3.48,-8.74,5.1,-7.5,STRONG,5.0,5.0,27736,65.7,0.636,★
0.0,-9.58,1.59,-4.55,4.7,-8.8,STRONG,5.0,5.0,22799,67.7,0.682,★
0.28,-10.0,1.65,-2.93,10.0,-5.7,STRONG,5.0,5.0,19220,67.4,0.706,★
0.0,-4.52,0.06,-1.87,7.2,-10.0,STRONG,5.0,5.0,7397,71.4,0.877,★
1.39,-1.83,0.49,-4.84,3.0,-5.6,STRONG,5.0,5.0,6171,69.4,0.69,★
0.2,-6.95,0.38,-2.37,6.0,-10.0,STRONG,5.0,5.0,10369,70.5,0.792,★
0.0,-9.16,0.0,-1.21,5.7,-6.5,STRONG,5.0,5.0,6730,70.8,0.842,★
0.91,-9.41,0.82,-6.79,6.6,-8.1,STRONG,5.0,5.0,11049,68.1,0.763,★
0.0,-5.85,0.0,-3.03,3.9,-10.0,STRONG,5.0,5.0,7765,71.6,0.832,★
0.0,-6.82,0.0,-6.57,5.3,-8.0,STRONG,5.0,5.0,8437,70.9,0.872,★
1.35,-7.29,0.03,-8.52,7.3,-4.6,STRONG,5.0,5.0,4559,67.3,0.852,★
1.5,-5.9,0.38,-6.61,3.5,-7.3,STRONG,5.0,5.0,5951,68.2,0.694,★
0.61,-5.68,0.35,-9.29,6.0,-9.4,STRONG,5.0,5.0,9309,69.6,0.818,★
0.0,-10.0,0.15,-8.58,7.6,-6.9,STRONG,5.0,5.0,10192,70.4,0.888,★
0.0,-8.74,1.75,-0.74,3.9,-6.9,STRONG,5.0,5.0,17055,67.8,0.656,★
0.0,-10.0,0.0,-4.92,8.5,-5.7,STRONG,5.0,5.0,8373,70.5,0.902,★
0.06,-7.18,0.0,-6.12,3.7,-9.7,STRONG,5.0,5.0,8215,71.1,0.821,★
0.0,-5.69,1.78,-5.97,2.0,-7.7,STRONG,5.0,5.0,24041,68.8,0.547,★
0.16,-7.56,2.29,-8.78,8.9,-10.0,STRONG,5.0,5.0,24583,66.1,0.686,★
0.0,-4.86,0.0,-2.11,3.7,-9.7,STRONG,5.0,5.0,7268,71.8,0.823,★
0.48,-3.41,0.61,-6.64,8.0,-10.0,STRONG,5.0,5.0,11848,69.7,0.806,★
0.0,-10.0,1.19,0.0,2.6,-4.5,STRONG,5.0,5.0,11781,69.1,0.635,★
0.0,-8.56,0.0,-0.05,9.9,-9.1,STRONG,5.0,5.0,5150,69.7,0.883,★
0.0,-8.16,3.67,-7.32,8.0,-8.9,STRONG,5.0,5.0,28402,65.5,0.664,★
0.0,-10.0,0.38,-3.34,5.9,-3.0,STRONG,5.0,5.0,12018,69.5,0.783,★
0.2,-5.34,0.97,-4.77,5.2,-9.2,STRONG,5.0,5.0,16669,69.1,0.733,★
0.0,-9.81,0.0,-7.94,6.5,-8.4,STRONG,5.0,5.0,8612,70.6,0.902,★
0.0,-5.26,0.78,-3.91,1.9,-7.9,STRONG,5.0,5.0,16234,71.5,0.607,★
0.0,-5.03,0.0,-1.87,1.7,-10.0,STRONG,5.0,5.0,7108,74.5,0.634,★
0.22,-5.79,2.6,-3.83,3.7,-3.3,STRONG,5.0,5.0,23169,65.9,0.607,★
0.0,-7.79,0.0,-8.84,2.6,-8.6,STRONG,5.0,5.0,8618,72.0,0.749,★
0.0,-5.95,1.45,-4.77,5.5,-7.8,STRONG,5.0,5.0,21859,68.1,0.701,★
0.0,-9.16,0.0,-2.39,5.8,-9.5,STRONG,5.0,5.0,7620,71.0,0.861,★
0.0,-6.08,0.14,-7.12,7.0,-10.0,STRONG,5.0,5.0,9816,70.8,0.878,★
0.0,-7.72,4.6,-7.81,3.8,-10.0,STRONG,5.0,5.0,29123,65.6,0.607,★
0.0,-8.18,0.0,-4.61,5.5,-7.0,STRONG,5.0,5.0,8286,70.8,0.87,★
0.99,-4.68,1.17,-6.3,3.9,-7.3,STRONG,5.0,5.0,12080,67.9,0.682,★
0.97,-9.53,0.95,-3.01,7.2,-3.8,STRONG,5.0,5.0,10519,67.6,0.732,★
0.0,-6.28,3.28,-2.06,4.6,-10.0,STRONG,5.0,5.0,24245,66.1,0.626,★
0.0,-10.0,0.0,-8.57,2.2,-10.0,STRONG,5.0,5.0,8660,72.8,0.706,★
0.0,-6.69,2.12,-3.47,8.4,-10.0,STRONG,5.0,5.0,24430,66.6,0.678,★
2.42,-2.58,0.0,-10.0,6.2,-2.8,STRONG,5.0,5.0,2471,63.5,0.778,★
0.76,-9.29,0.0,-7.46,7.2,-7.4,STRONG,5.0,5.0,6092,69.3,0.894,★
0.21,-3.68,0.0,-2.57,2.6,-8.1,STRONG,5.0,5.0,6679,72.8,0.757,★
0.51,-4.44,0.47,0.0,5.0,-10.0,STRONG,5.0,5.0,6179,68.8,0.76,★
0.0,-7.45,0.0,-8.46,5.0,-7.7,STRONG,5.0,5.0,8581,70.7,0.868,★
1.4,-8.67,1.09,-1.49,3.9,-6.0,STRONG,5.0,5.0,7635,66.9,0.643,★
0.06,-6.72,0.0,-9.28,7.3,-9.1,STRONG,5.0,5.0,8371,70.5,0.907,★
0.6,-10.0,0.0,-5.85,10.0,-7.8,STRONG,5.0,5.0,6456,69.3,0.907,★
0.0,-3.56,0.54,-3.87,8.5,-5.3,STRONG,5.0,5.0,13552,70.5,0.806,★
0.0,-7.95,2.6,-6.29,4.4,-9.3,STRONG,5.0,5.0,26800,66.2,0.641,★
0.0,-4.87,1.56,-10.0,3.5,-5.8,STRONG,5.0,5.0,23140,67.9,0.657,★
0.0,-9.02,0.0,-7.4,5.9,-3.3,STRONG,5.0,5.0,8565,69.6,0.856,★
1.18,-4.64,0.0,-3.37,2.0,-6.3,STRONG,5.0,5.0,4397,71.6,0.611,★
1.41,-3.52,0.93,-1.75,5.7,-3.2,STRONG,5.0,5.0,7104,66.6,0.683,★
0.0,-8.12,2.46,-3.52,6.9,-10.0,STRONG,5.0,5.0,25369,66.2,0.66,★
0.12,-6.1,0.08,-0.32,7.7,-3.1,STRONG,5.0,5.0,5583,69.0,0.832,★
0.0,-1.31,2.83,-6.62,2.5,-6.9,STRONG,5.0,5.0,25662,66.9,0.559,★
0.0,-4.98,1.76,-5.15,4.3,-10.0,STRONG,5.0,5.0,23699,67.4,0.663,★
0.0,-6.88,0.0,-7.09,3.5,-8.8,STRONG,5.0,5.0,8470,71.3,0.818,★
1.51,-10.0,0.34,-7.02,6.0,-7.7,STRONG,5.0,5.0,5849,67.6,0.781,★
0.66,-4.18,0.0,-2.55,4.8,-4.9,STRONG,5.0,5.0,5455,70.1,0.823,★
0.04,-6.77,0.0,-6.81,10.0,-8.4,STRONG,5.0,5.0,8323,70.7,0.919,★
0.0,-10.0,0.0,-5.24,9.3,-10.0,STRONG,5.0,5.0,8420,70.6,0.916,★
0.0,-8.66,2.82,-1.23,3.2,-10.0,STRONG,5.0,5.0,21253,66.8,0.598,★
0.26,-3.44,2.1,-8.18,3.5,-7.9,STRONG,5.0,5.0,22433,66.9,0.628,★
0.83,-1.66,1.8,-10.0,5.1,-2.3,STRONG,5.0,5.0,15312,65.1,0.638,★
0.98,-8.33,0.4,-9.97,6.5,-9.6,STRONG,5.0,5.0,8206,68.5,0.813,★
0.0,-10.0,0.0,-0.66,3.9,-3.5,STRONG,5.0,5.0,6118,70.1,0.781,★
0.78,-10.0,0.0,-5.69,6.8,-10.0,STRONG,5.0,5.0,5927,69.3,0.883,★
0.32,-4.75,0.75,-4.25,7.1,-9.4,STRONG,5.0,5.0,13804,69.7,0.781,★
1.76,-5.63,0.96,-0.81,5.0,-8.8,STRONG,5.0,4.962,5231,66.3,0.66,★
1.12,-4.25,3.66,-7.93,6.3,-2.8,STRONG,5.0,4.927,15563,63.6,0.63,★
1.63,-7.13,1.61,-2.75,4.4,-10.0,STRONG,5.0,4.925,8662,65.7,0.623,★
2.22,-8.43,0.92,-3.7,5.0,-10.0,STRONG,5.0,4.923,5338,65.7,0.68,★
1.52,-8.13,1.51,-1.87,6.3,-10.0,STRONG,5.0,4.909,8408,65.9,0.658,★
1.71,-5.38,1.42,-8.3,5.0,-10.0,STRONG,5.0,4.886,8848,65.8,0.655,★
1.01,-5.8,3.12,-4.84,7.2,-5.5,STRONG,5.0,4.853,15817,64.8,0.638,★
1.38,-6.22,0.0,-3.32,1.9,-2.5,STRONG,5.0,4.851,3999,68.8,0.547,★
1.27,-5.56,2.25,-4.33,2.4,-7.5,STRONG,5.0,4.842,12645,66.6,0.534,★
1.58,-3.38,1.7,-8.56,9.9,-7.1,STRONG,5.0,4.816,10100,65.4,0.682,★
2.22,-10.0,0.0,-4.3,4.9,-9.7,STRONG,5.0,4.814,2805,65.7,0.766,★
2.38,-5.29,0.0,-3.45,5.9,-4.7,STRONG,5.0,4.814,2398,64.6,0.744,★
0.74,-4.45,5.43,-10.0,3.9,-5.9,STRONG,5.0,4.792,20239,65.1,0.591,★
2.22,-8.86,0.0,-5.67,7.6,-10.0,STRONG,5.0,4.765,2888,65.2,0.83,★
1.55,-8.25,1.75,-7.62,7.7,-7.2,STRONG,5.0,4.736,10591,65.0,0.67,★
2.41,-3.99,1.37,-6.29,4.0,-6.3,STRONG,5.0,4.7,5791,64.8,0.61,★
2.65,-7.73,0.31,-10.0,5.5,-2.5,STRONG,5.0,4.693,3340,61.5,0.705,★
2.61,-10.0,0.0,-10.0,6.3,-3.7,STRONG,5.0,4.645,2565,63.1,0.787,★
2.81,-7.42,0.0,-7.42,8.3,-6.7,STRONG,5.0,4.635,2255,63.4,0.841,★
2.02,-8.45,0.0,-2.24,7.8,-10.0,STRONG,5.0,4.567,2774,65.4,0.774,★
2.42,-6.93,0.78,0.0,4.3,-9.1,STRONG,5.0,4.533,2865,64.5,0.66,★
1.89,-6.37,2.1,-2.44,3.9,-9.2,STRONG,5.0,4.528,7953,64.9,0.581,★
1.33,-4.21,2.81,0.0,2.7,-7.4,STRONG,5.0,4.515,7576,65.7,0.54,★
1.79,-4.08,2.58,-10.0,4.7,-8.6,STRONG,5.0,4.482,10199,64.3,0.609,★
2.55,-5.68,0.66,-7.61,1.9,-9.5,STRONG,5.0,4.453,4244,68.6,0.502,★
1.78,-4.87,2.29,0.0,7.4,-6.1,STRONG,5.0,4.361,5737,63.8,0.645,★
2.06,-7.03,0.0,-1.01,8.8,-9.7,STRONG,5.0,4.352,2342,64.5,0.77,★
3.01,-4.9,0.0,-9.31,5.3,-8.3,STRONG,5.0,4.347,2071,63.5,0.74,★
2.8,-5.01,1.56,-8.86,6.6,-4.3,STRONG,5.0,4.293,5217,62.6,0.63,★
1.41,-8.21,3.03,-8.38,2.3,-7.6,STRONG,5.0,4.221,13022,65.8,0.487,★
2.9,-3.44,1.38,-1.85,5.1,-9.5,STRONG,5.0,4.204,3654,63.0,0.597,★
2.49,-8.85,0.0,-1.09,6.5,-8.3,STRONG,5.0,4.156,1947,63.3,0.727,★
2.51,-9.26,2.48,-9.11,5.2,-9.2,STRONG,5.0,4.12,6991,63.1,0.619,★
1.8,-10.0,2.12,-10.0,2.3,-3.5,STRONG,5.0,4.106,9938,65.1,0.473,★
3.3,-7.53,1.01,-5.36,10.0,-6.0,STRONG,5.0,3.964,3438,61.8,0.659,★
3.28,-5.4,0.0,-3.8,6.7,-4.8,STRONG,5.0,3.871,1665,60.9,0.659,★
3.48,-8.13,1.1,-5.48,3.2,-5.7,STRONG,5.0,3.566,3281,62.5,0.486,★
3.59,-3.81,0.0,-1.28,10.0,-4.6,STRONG,5.0,3.444,1172,57.8,0.648,★
