TP,SL,IS_Sharpe,IS_N,IS_WR,IS_avg,OOS_Sharpe,OOS_N,OOS_WR,OOS_avg
1.0000,2.0000,-1.9852,131232,51.3190,-0.1412,-2.4885,87921,50.6705,-0.1850
1.0000,3.0000,-0.9720,131232,55.1458,-0.0741,-1.5481,87921,54.6889,-0.1256
1.0000,4.0000,-0.4170,131232,56.6737,-0.0324,-0.9995,87921,56.3824,-0.0835
1.0000,5.0000,-0.0485,131232,57.4044,-0.0038,-0.7164,87921,57.0876,-0.0605
1.0000,6.0000,0.1431,131232,57.7268,0.0110,-0.5405,87921,57.4448,-0.0458
1.0000,7.0000,0.2569,131232,57.8860,0.0197,-0.4452,87921,57.6051,-0.0378
1.0000,8.0000,0.3446,131232,57.9851,0.0263,-0.3769,87921,57.7075,-0.0319
1.5000,2.0000,-1.3387,131232,48.0302,-0.1040,-1.6504,87921,47.4096,-0.1347
1.5000,3.0000,-0.5364,131232,51.1293,-0.0446,-0.9510,87921,50.6523,-0.0842
1.5000,4.0000,-0.0911,131232,52.3462,-0.0078,-0.5477,87921,51.9444,-0.0501
1.5000,5.0000,0.2093,131232,52.9330,0.0179,-0.3459,87921,52.4755,-0.0321
1.5000,6.0000,0.3665,131232,53.1974,0.0312,-0.2240,87921,52.7371,-0.0209
1.5000,7.0000,0.4565,131232,53.3246,0.0389,-0.1575,87921,52.8554,-0.0148
1.5000,8.0000,0.5242,131232,53.4024,0.0445,-0.1083,87921,52.9316,-0.0101
2.0000,2.0000,-0.9697,131232,46.8925,-0.0800,-1.1772,87921,46.1835,-0.1024
2.0000,3.0000,-0.2730,131232,49.6380,-0.0241,-0.5951,87921,49.0577,-0.0560
2.0000,4.0000,0.1184,131232,50.6965,0.0107,-0.2709,87921,50.1382,-0.0263
2.0000,5.0000,0.3834,131232,51.2002,0.0348,-0.1147,87921,50.5681,-0.0113
2.0000,6.0000,0.5187,131232,51.4219,0.0472,-0.0261,87921,50.7706,-0.0026
2.0000,7.0000,0.5946,131232,51.5278,0.0541,0.0316,87921,50.8718,0.0031
2.0000,8.0000,0.6502,131232,51.5918,0.0590,0.0684,87921,50.9321,0.0068
2.5000,2.0000,-0.7166,131232,46.4262,-0.0618,-0.8919,87921,45.6808,-0.0812
2.5000,3.0000,-0.0811,131232,48.9789,-0.0075,-0.3675,87921,48.3809,-0.0361
2.5000,4.0000,0.2783,131232,49.9368,0.0263,-0.0934,87921,49.3329,-0.0095
2.5000,5.0000,0.5244,131232,50.3932,0.0499,0.0316,87921,49.6935,0.0033
2.5000,6.0000,0.6437,131232,50.5867,0.0614,0.1026,87921,49.8641,0.0107
2.5000,7.0000,0.7062,131232,50.6729,0.0674,0.1477,87921,49.9460,0.0154
2.5000,8.0000,0.7555,131232,50.7285,0.0720,0.1761,87921,49.9949,0.0184
3.0000,2.0000,-0.5590,131232,46.1877,-0.0498,-0.6907,87921,45.4397,-0.0652
3.0000,3.0000,0.0458,131232,48.6512,0.0044,-0.2031,87921,48.0374,-0.0206
3.0000,4.0000,0.3832,131232,49.5474,0.0375,0.0520,87921,48.9337,0.0055
3.0000,5.0000,0.6158,131232,49.9726,0.0606,0.1619,87921,49.2601,0.0172
3.0000,6.0000,0.7214,131232,50.1417,0.0713,0.2210,87921,49.4091,0.0238
3.0000,7.0000,0.7776,131232,50.2172,0.0770,0.2589,87921,49.4796,0.0280
3.0000,8.0000,0.8197,131232,50.2637,0.0811,0.2810,87921,49.5183,0.0304
3.5000,2.0000,-0.4432,131232,46.0734,-0.0406,-0.5521,87921,45.3066,-0.0536
3.5000,3.0000,0.1450,131232,48.4866,0.0142,-0.0880,87921,47.8498,-0.0092
3.5000,4.0000,0.4663,131232,49.3439,0.0469,0.1470,87921,48.7005,0.0158
3.5000,5.0000,0.6827,131232,49.7379,0.0692,0.2465,87921,49.0042,0.0270
3.5000,6.0000,0.7821,131232,49.8941,0.0795,0.3027,87921,49.1453,0.0334
3.5000,7.0000,0.8332,131232,49.9611,0.0849,0.3349,87921,49.2067,0.0371
3.5000,8.0000,0.8696,131232,49.9992,0.0886,0.3545,87921,49.2408,0.0394
4.0000,2.0000,-0.3614,131232,45.9934,-0.0338,-0.4774,87921,45.2145,-0.0473
4.0000,3.0000,0.2040,131232,48.3602,0.0204,-0.0318,87921,47.7122,-0.0034
4.0000,4.0000,0.5130,131232,49.1900,0.0527,0.1953,87921,48.5402,0.0214
4.0000,5.0000,0.7224,131232,49.5687,0.0749,0.2905,87921,48.8313,0.0324
4.0000,6.0000,0.8185,131232,49.7188,0.0852,0.3424,87921,48.9633,0.0385
4.0000,7.0000,0.8644,131232,49.7790,0.0901,0.3729,87921,49.0213,0.0422
4.0000,8.0000,0.8984,131232,49.8141,0.0937,0.3892,87921,49.0509,0.0441
4.5000,2.0000,-0.2969,131232,45.9591,-0.0283,-0.4013,87921,45.1735,-0.0405
4.5000,3.0000,0.2535,131232,48.2969,0.0258,0.0327,87921,47.6485,0.0035
4.5000,4.0000,0.5527,131232,49.1069,0.0578,0.2520,87921,48.4605,0.0281
4.5000,5.0000,0.7551,131232,49.4719,0.0797,0.3434,87921,48.7438,0.0390
4.5000,6.0000,0.8467,131232,49.6159,0.0898,0.3905,87921,48.8677,0.0447
4.5000,7.0000,0.8903,131232,49.6739,0.0946,0.4148,87921,48.9166,0.0477
4.5000,8.0000,0.9197,131232,49.7036,0.0978,0.4296,87921,48.9439,0.0496
5.0000,2.0000,-0.2391,131232,45.9332,-0.0232,-0.3460,87921,45.1576,-0.0354
5.0000,3.0000,0.3000,131232,48.2520,0.0311,0.0796,87921,47.6143,0.0087
5.0000,4.0000,0.5930,131232,49.0498,0.0631,0.2937,87921,48.4173,0.0333
5.0000,5.0000,0.7875,131232,49.4033,0.0846,0.3842,87921,48.6971,0.0442
5.0000,6.0000,0.8740,131232,49.5413,0.0943,0.4304,87921,48.8188,0.0500
5.0000,7.0000,0.9140,131232,49.5946,0.0989,0.4527,87921,48.8655,0.0529
5.0000,8.0000,0.9416,131232,49.6220,0.1019,0.4666,87921,48.8905,0.0547
5.5000,2.0000,-0.1982,131232,45.9179,-0.0195,-0.3063,87921,45.1485,-0.0318
5.5000,3.0000,0.3332,131232,48.2230,0.0350,0.1148,87921,47.5950,0.0128
5.5000,4.0000,0.6219,131232,49.0124,0.0671,0.3216,87921,48.3866,0.0369
5.5000,5.0000,0.8080,131232,49.3584,0.0881,0.4110,87921,48.6630,0.0479
5.5000,6.0000,0.8923,131232,49.4933,0.0977,0.4544,87921,48.7802,0.0534
5.5000,7.0000,0.9305,131232,49.5436,0.1022,0.4729,87921,48.8222,0.0559
5.5000,8.0000,0.9562,131232,49.5687,0.1050,0.4863,87921,48.8461,0.0577
6.0000,2.0000,-0.1696,131232,45.9019,-0.0169,-0.2738,87921,45.1417,-0.0287
6.0000,3.0000,0.3533,131232,48.1956,0.0375,0.1456,87921,47.5814,0.0164
6.0000,4.0000,0.6368,131232,48.9759,0.0696,0.3479,87921,48.3650,0.0403
6.0000,5.0000,0.8182,131232,49.3157,0.0902,0.4341,87921,48.6346,0.0512
6.0000,6.0000,0.8983,131232,49.4460,0.0996,0.4769,87921,48.7506,0.0567
6.0000,7.0000,0.9356,131232,49.4948,0.1040,0.4925,87921,48.7893,0.0589
6.0000,8.0000,0.9609,131232,49.5192,0.1068,0.5048,87921,48.8120,0.0605
6.5000,2.0000,-0.1413,131232,45.8897,-0.0142,-0.2410,87921,45.1394,-0.0255
6.5000,3.0000,0.3790,131232,48.1788,0.0407,0.1740,87921,47.5734,0.0198
6.5000,4.0000,0.6567,131232,48.9545,0.0725,0.3732,87921,48.3514,0.0437
6.5000,5.0000,0.8342,131232,49.2890,0.0931,0.4581,87921,48.6186,0.0545
6.5000,6.0000,0.9096,131232,49.4155,0.1020,0.4998,87921,48.7324,0.0600
6.5000,7.0000,0.9473,131232,49.4643,0.1065,0.5150,87921,48.7699,0.0622
6.5000,8.0000,0.9727,131232,49.4887,0.1094,0.5271,87921,48.7927,0.0638
7.0000,2.0000,-0.1247,131232,45.8791,-0.0126,-0.2144,87921,45.1371,-0.0229
7.0000,3.0000,0.3933,131232,48.1628,0.0426,0.1975,87921,47.5700,0.0226
7.0000,4.0000,0.6651,131232,48.9332,0.0741,0.3935,87921,48.3423,0.0465
7.0000,5.0000,0.8409,131232,49.2647,0.0947,0.4758,87921,48.6061,0.0571
7.0000,6.0000,0.9166,131232,49.3912,0.1037,0.5174,87921,48.7187,0.0627
7.0000,7.0000,0.9546,131232,49.4399,0.1083,0.5322,87921,48.7563,0.0648
7.0000,8.0000,0.9794,131232,49.4635,0.1112,0.5445,87921,48.7790,0.0665
7.5000,2.0000,-0.1155,131232,45.8691,-0.0118,-0.1955,87921,45.1337,-0.0210
7.5000,3.0000,0.3933,131232,48.1445,0.0429,0.2155,87921,47.5654,0.0249
7.5000,4.0000,0.6635,131232,48.9103,0.0745,0.4074,87921,48.3332,0.0485
7.5000,5.0000,0.8367,131232,49.2380,0.0949,0.4872,87921,48.5925,0.0589
7.5000,6.0000,0.9122,131232,49.3637,0.1040,0.5260,87921,48.7017,0.0642
7.5000,7.0000,0.9460,131232,49.4079,0.1082,0.5408,87921,48.7392,0.0663
7.5000,8.0000,0.9704,131232,49.4308,0.1110,0.5522,87921,48.7608,0.0679
8.0000,2.0000,-0.0939,131232,45.8669,-0.0097,-0.1728,87921,45.1326,-0.0187
8.0000,3.0000,0.4038,131232,48.1323,0.0444,0.2358,87921,47.5632,0.0274
8.0000,4.0000,0.6688,131232,48.8913,0.0757,0.4230,87921,48.3275,0.0507
8.0000,5.0000,0.8386,131232,49.2144,0.0959,0.5010,87921,48.5845,0.0610
8.0000,6.0000,0.9122,131232,49.3378,0.1048,0.5405,87921,48.6937,0.0665
8.0000,7.0000,0.9457,131232,49.3812,0.1090,0.5555,87921,48.7312,0.0686
8.0000,8.0000,0.9684,131232,49.4026,0.1117,0.5646,87921,48.7506,0.0700
