Date,us_prev_chg
2024-05-02,0.913
2024-05-03,1.256
2024-05-06,1.033
2024-05-07,0.134
2024-05-08,-0.001
2024-05-09,0.509
2024-05-10,0.165
2024-05-13,-0.024
2024-05-14,0.484
2024-05-15,1.172
2024-05-16,-0.208
2024-05-17,0.116
2024-05-20,0.092
2024-05-21,0.25
2024-05-22,-0.271
2024-05-23,-0.738
2024-05-24,0.7
2024-05-28,0.025
2024-05-29,-0.737
2024-05-30,-0.598
2024-05-31,0.803
2024-06-03,0.112
2024-06-04,0.15
2024-06-05,1.185
2024-06-06,-0.02
2024-06-07,-0.112
2024-06-10,0.258
2024-06-11,0.271
2024-06-12,0.85
2024-06-13,0.234
2024-06-14,-0.039
2024-06-17,0.766
2024-06-18,0.252
2024-06-20,-0.253
2024-06-21,-0.156
2024-06-24,-0.307
2024-06-25,0.393
2024-06-26,0.157
2024-06-27,0.091
2024-06-28,-0.408
2024-07-01,0.268
2024-07-02,0.62
2024-07-03,0.508
2024-07-05,0.545
2024-07-08,0.102
2024-07-09,0.074
2024-07-10,1.021
2024-07-11,-0.876
2024-07-12,0.552
2024-07-15,0.283
2024-07-16,0.639
2024-07-17,-1.393
2024-07-18,-0.782
2024-07-19,-0.714
2024-07-22,1.079
2024-07-23,-0.156
2024-07-24,-2.315
2024-07-25,-0.514
2024-07-26,1.109
2024-07-29,0.081
2024-07-30,-0.496
2024-07-31,1.579
2024-08-01,-1.369
2024-08-02,-1.838
2024-08-05,-2.997
2024-08-06,1.035
2024-08-07,-0.773
2024-08-08,2.304
2024-08-09,0.467
2024-08-12,0.004
2024-08-13,1.685
2024-08-14,0.382
2024-08-15,1.613
2024-08-16,0.199
2024-08-19,0.972
2024-08-20,-0.198
2024-08-21,0.424
2024-08-22,-0.893
2024-08-23,1.148
2024-08-26,-0.315
2024-08-27,0.16
2024-08-28,-0.598
2024-08-29,-0.004
2024-08-30,1.009
2024-09-03,-2.115
2024-09-04,-0.16
2024-09-05,-0.302
2024-09-06,-1.726
2024-09-09,1.158
2024-09-10,0.447
2024-09-11,1.067
2024-09-12,0.75
2024-09-13,0.541
2024-09-16,0.126
2024-09-17,0.026
2024-09-18,-0.29
2024-09-19,1.698
2024-09-20,-0.194
2024-09-23,0.281
2024-09-24,0.251
2024-09-25,-0.186
2024-09-26,0.404
2024-09-27,-0.125
2024-09-30,0.424
2024-10-01,-0.932
2024-10-02,0.014
2024-10-03,-0.168
2024-10-04,0.897
2024-10-07,-0.959
2024-10-08,0.969
2024-10-09,0.711
2024-10-10,-0.207
2024-10-11,0.605
2024-10-14,0.771
2024-10-15,-0.761
2024-10-16,0.468
2024-10-17,-0.017
2024-10-18,0.397
2024-10-21,-0.182
2024-10-22,-0.047
2024-10-23,-0.919
2024-10-24,0.215
2024-10-25,-0.03
2024-10-28,0.265
2024-10-29,0.161
2024-10-30,-0.33
2024-10-31,-1.861
2024-11-01,0.409
2024-11-04,-0.281
2024-11-05,1.227
2024-11-06,2.53
2024-11-07,0.743
2024-11-08,0.376
2024-11-11,0.097
2024-11-12,-0.289
2024-11-13,0.023
2024-11-14,-0.605
2024-11-15,-1.32
2024-11-18,0.392
2024-11-19,0.396
2024-11-20,0.002
2024-11-21,0.534
2024-11-22,0.347
2024-11-25,0.302
2024-11-26,0.572
2024-11-27,-0.38
2024-11-29,0.561
2024-12-02,0.245
2024-12-03,0.045
2024-12-04,0.605
2024-12-05,-0.187
2024-12-06,0.25
2024-12-09,-0.614
2024-12-10,-0.296
2024-12-11,0.817
2024-12-12,-0.541
2024-12-13,-0.003
2024-12-16,0.38
2024-12-17,-0.386
2024-12-18,-2.949
2024-12-19,-0.087
2024-12-20,1.087
2024-12-23,0.729
2024-12-24,1.104
2024-12-26,-0.041
2024-12-27,-1.106
2024-12-30,-1.07
2024-12-31,-0.428
2025-01-02,-0.222
2025-01-03,1.26
2025-01-06,0.554
2025-01-07,-1.11
2025-01-08,0.156
2025-01-10,-1.541
2025-01-13,0.158
2025-01-14,0.115
2025-01-15,1.831
2025-01-16,-0.211
2025-01-17,0.999
2025-01-21,0.877
2025-01-22,0.614
2025-01-23,0.531
2025-01-24,-0.286
2025-01-27,-1.458
2025-01-28,0.922
2025-01-29,-0.468
2025-01-30,0.528
2025-01-31,-0.505
2025-02-03,-0.761
2025-02-04,0.722
2025-02-05,0.391
2025-02-06,0.364
2025-02-07,-0.946
2025-02-10,0.671
2025-02-11,0.034
2025-02-12,-0.272
2025-02-13,1.043
2025-02-14,-0.007
2025-02-18,0.244
2025-02-19,0.238
2025-02-20,-0.433
2025-02-21,-1.706
2025-02-24,-0.497
2025-02-25,-0.468
2025-02-26,0.014
2025-02-27,-1.586
2025-02-28,1.585
2025-03-03,-1.76
2025-03-04,-1.223
2025-03-05,1.116
2025-03-06,-1.782
2025-03-07,0.552
2025-03-10,-2.697
2025-03-11,-0.757
2025-03-12,0.489
2025-03-13,-1.389
2025-03-14,2.127
2025-03-17,0.642
2025-03-18,-1.065
2025-03-19,1.08
2025-03-20,-0.218
2025-03-21,0.082
2025-03-24,1.765
2025-03-25,0.157
2025-03-26,-1.116
2025-03-27,-0.331
2025-03-28,-1.974
2025-03-31,0.554
2025-04-01,0.378
2025-04-02,0.673
2025-04-03,-4.84
2025-04-04,-5.975
2025-04-07,-0.233
2025-04-08,-1.57
2025-04-09,9.515
2025-04-10,-3.461
2025-04-11,1.809
2025-04-14,0.794
2025-04-15,-0.173
2025-04-16,-2.241
2025-04-17,0.133
2025-04-21,-2.357
2025-04-22,2.512
2025-04-23,1.666
2025-04-24,2.026
2025-04-25,0.737
2025-04-28,0.064
2025-04-29,0.58
2025-04-30,0.148
2025-05-01,0.63
2025-05-02,1.473
2025-05-05,-0.638
2025-05-06,-0.769
2025-05-07,0.435
2025-05-08,0.58
2025-05-09,-0.071
2025-05-12,3.256
2025-05-13,0.725
2025-05-14,0.102
2025-05-15,0.413
2025-05-16,0.701
2025-05-19,0.088
2025-05-20,-0.388
2025-05-21,-1.614
2025-05-22,-0.044
2025-05-23,-0.671
2025-05-27,2.046
2025-05-28,-0.557
2025-05-29,0.401
2025-05-30,-0.008
2025-06-02,0.41
2025-06-03,0.58
2025-06-04,0.007
2025-06-05,-0.528
2025-06-06,1.028
2025-06-09,0.092
2025-06-10,0.548
2025-06-11,-0.274
2025-06-12,0.382
2025-06-13,-1.13
2025-06-16,0.939
2025-06-17,-0.835
2025-06-18,-0.031
2025-06-20,-0.218
2025-06-23,0.961
2025-06-24,1.112
2025-06-25,-0.0
2025-06-26,0.802
2025-06-27,0.522
2025-06-30,0.516
2025-07-01,-0.112
2025-07-02,0.475
2025-07-03,0.834
2025-07-07,-0.786
2025-07-08,-0.072
2025-07-09,0.606
2025-07-10,0.275
2025-07-11,-0.33
2025-07-14,0.141
2025-07-15,-0.396
2025-07-16,0.319
2025-07-17,0.537
2025-07-18,-0.009
2025-07-21,0.14
2025-07-22,0.064
2025-07-23,0.781
2025-07-24,0.07
2025-07-25,0.397
2025-07-28,0.018
2025-07-29,-0.296
2025-07-30,-0.125
2025-07-31,-0.369
2025-08-01,-1.599
2025-08-04,1.474
2025-08-05,-0.486
2025-08-06,0.728
2025-08-07,-0.08
2025-08-08,0.78
2025-08-11,-0.25
2025-08-12,1.135
2025-08-13,0.323
2025-08-14,0.03
2025-08-15,-0.29
2025-08-18,-0.01
2025-08-19,-0.586
2025-08-20,-0.243
2025-08-21,-0.4
2025-08-22,1.519
2025-08-25,-0.427
2025-08-26,0.413
2025-08-27,0.239
2025-08-28,0.316
2025-08-29,-0.64
2025-09-02,-0.692
2025-09-03,0.51
2025-09-04,0.835
2025-09-05,-0.317
2025-09-08,0.211
2025-09-09,0.269
2025-09-10,0.298
2025-09-11,0.849
2025-09-12,-0.048
2025-09-15,0.471
2025-09-16,-0.129
2025-09-17,-0.097
2025-09-18,0.479
2025-09-19,0.489
2025-09-22,0.441
2025-09-23,-0.55
2025-09-24,-0.285
2025-09-25,-0.501
2025-09-26,0.59
2025-09-29,0.264
2025-09-30,0.409
2025-10-01,0.34
2025-10-02,0.062
2025-10-03,0.007
2025-10-06,0.365
2025-10-07,-0.381
2025-10-08,0.583
2025-10-09,-0.276
2025-10-10,-2.711
2025-10-13,1.56
2025-10-14,-0.156
2025-10-15,0.403
2025-10-16,-0.629
2025-10-17,0.527
2025-10-20,1.067
2025-10-21,0.003
2025-10-22,-0.534
2025-10-23,0.583
2025-10-24,0.79
2025-10-27,1.229
2025-10-28,0.229
2025-10-29,-0.004
2025-10-30,-0.99
2025-10-31,0.262
2025-11-03,0.172
2025-11-04,-1.174
2025-11-05,0.365
2025-11-06,-1.118
2025-11-07,0.126
2025-11-10,1.54
2025-11-11,0.208
2025-11-12,0.063
2025-11-13,-1.656
2025-11-14,-0.05
2025-11-17,-0.916
2025-11-18,-0.826
2025-11-19,0.375
2025-11-20,-1.557
2025-11-21,0.982
2025-11-24,1.547
2025-11-25,0.906
2025-11-26,0.691
2025-11-28,0.535
2025-12-01,-0.532
2025-12-02,0.246
2025-12-03,0.298
2025-12-04,0.108
2025-12-05,0.194
2025-12-08,-0.348
2025-12-09,-0.088
2025-12-10,0.675
2025-12-11,0.208
2025-12-12,-1.066
2025-12-15,-0.16
2025-12-16,-0.238
2025-12-17,-1.159
2025-12-18,0.793
2025-12-19,0.882
2025-12-22,0.644
2025-12-23,0.455
2025-12-24,0.322
2025-12-26,-0.03
2025-12-29,-0.349
2025-12-30,-0.138
2025-12-31,-0.736
2026-01-02,0.189
2026-01-05,0.635
2026-01-06,0.62
2026-01-07,-0.344
2026-01-08,0.008
2026-01-09,0.648
2026-01-12,0.158
2026-01-13,-0.194
2026-01-14,-0.533
2026-01-15,0.258
2026-01-16,-0.064
2026-01-20,-2.063
2026-01-21,1.159
2026-01-22,0.549
2026-01-23,0.033
2026-01-26,0.501
2026-01-27,0.408
2026-01-28,-0.008
2026-01-29,-0.129
2026-01-30,-0.43
2026-02-02,0.539
2026-02-03,-0.84
2026-02-04,-0.507
2026-02-05,-1.225
2026-02-06,1.97
2026-02-09,0.469
2026-02-10,-0.33
2026-02-11,-0.005
2026-02-12,-1.566
2026-02-13,0.05
2026-02-17,0.103
2026-02-18,0.557
2026-02-19,-0.282
2026-02-20,0.694
2026-02-23,-1.039
2026-02-24,0.765
2026-02-25,0.814
2026-02-26,-0.537
2026-02-27,-0.434
2026-03-02,0.04
2026-03-03,-0.944
2026-03-04,0.776
2026-03-05,-0.565
2026-03-06,-1.328
2026-03-09,0.83
2026-03-10,-0.214
2026-03-11,-0.084
2026-03-12,-1.523
2026-03-13,-0.606
2026-03-16,1.013
2026-03-17,0.249
2026-03-18,-1.361
2026-03-19,-0.275
2026-03-20,-1.514
2026-03-23,1.145
2026-03-24,-0.374
2026-03-25,0.542
2026-03-26,-1.741
2026-03-27,-1.672
2026-03-30,-0.395
2026-03-31,2.913
2026-04-01,0.717
2026-04-02,0.112
2026-04-06,0.443
2026-04-07,0.076
2026-04-08,2.508
2026-04-09,0.617
2026-04-10,-0.114
2026-04-13,1.017
2026-04-14,1.178
2026-04-15,0.798
2026-04-16,0.261
2026-04-17,1.204
2026-04-20,-0.237
2026-04-21,-0.635
2026-04-22,1.046
2026-04-23,-0.413
2026-04-24,0.797
2026-04-27,0.123
2026-04-28,-0.489
2026-04-29,-0.04
2026-04-30,1.024
2026-05-01,0.293
2026-05-04,-0.406
2026-05-05,0.812
2026-05-06,1.459
2026-05-07,-0.38
2026-05-08,0.843
2026-05-11,0.188
2026-05-12,-0.16
2026-05-13,0.585
2026-05-14,0.766
2026-05-15,-1.236
2026-05-18,-0.074
2026-05-19,-0.668
2026-05-20,1.079
2026-05-21,0.172
2026-05-22,0.373
2026-05-26,0.611
2026-05-27,0.016
2026-05-28,0.575
2026-05-29,0.217
2026-06-01,0.263
2026-06-02,0.129
2026-06-03,-0.737
2026-06-04,0.405
2026-06-05,-2.645
2026-06-08,0.298
2026-06-09,-0.258
2026-06-10,-1.62
2026-06-11,1.752
2026-06-12,0.503
2026-06-15,1.653
2026-06-16,-0.568
2026-06-17,-1.215
2026-06-18,1.085
2026-06-22,-0.371
2026-06-23,-1.436
2026-06-24,-0.098
2026-06-25,-0.01
2026-06-26,-0.047
2026-06-29,1.175
2026-06-30,0.792
2026-07-01,-0.215
2026-07-02,0.0
2026-07-06,0.724
2026-07-07,-0.446
2026-07-08,-0.282
2026-07-09,0.814
2026-07-10,0.421
2026-07-13,-0.793
2026-07-14,0.376
2026-07-15,0.382
2026-07-16,-0.51
2026-07-17,-1.01
2026-07-20,-0.193
2026-07-21,0.886
2026-07-22,-0.136
2026-07-23,-1.209
2026-07-24,0.05
2026-07-27,0.016
2026-07-28,0.21
2026-07-29,-1.516
2026-07-30,1.66
2026-07-31,0.7
2026-08-03,1.479
2026-08-04,1.79
2026-08-05,-0.168
2026-08-06,-0.176
2026-08-07,0.618
2026-08-10,-0.058
2026-08-11,-0.321
2026-08-12,0.263
2026-08-13,0.652
2026-08-14,-0.17
2026-08-17,-0.523
2026-08-18,-0.688
2026-08-19,0.211
2026-08-20,-0.867
2026-08-21,0.435
2026-08-24,-0.28
2026-08-25,0.319
2026-08-26,-0.021
2026-08-27,0.72
2026-08-28,-0.249
2026-08-31,-0.332
2026-09-01,-0.711
2026-09-02,0.46
2026-09-03,1.058
2026-09-04,-0.376
