verify_date,scan_date,code,name,score,ratio,morning_judgment,open_price,close_price,result_pct,grade,is_top20,market_condition,high_price,max_rise_pct,day1_pct,day2_pct,day3_pct,day4_pct,day5_pct,max_ret_5d,max_ret_day,exit_reason,exit_day,exit_pct
2026-03-11,2026-03-10,4586,メドレックス,10.0,12.24,UNKNOWN,109.0,109.0,0.0,FLAT,0,NORMAL,,,0.0,-2.75,-0.92,0.92,0.0,0.92,4,引け(day5),5,0.0
2026-03-11,2026-03-10,2435,シダー,10.0,18.74,UNKNOWN,238.0,230.0,-3.36,FAIL,0,NORMAL,,,-3.36,-2.1,-3.36,-3.78,-3.78,-2.1,2,引け(day5),5,-3.78
2026-03-11,2026-03-10,7836,アビックス,10.0,12.5,BUY,98.0,98.0,0.0,FLAT,0,NORMAL,,,0.0,-9.18,-8.16,-9.18,-10.2,0.0,1,損切り-5%,2,-9.18
2026-03-11,2026-03-10,8894,ＲＥＶＯＬＵＴＩＯＮ,9.77,11.31,UNKNOWN,54.0,54.0,0.0,FLAT,0,NORMAL,,,0.0,1.85,0.0,0.0,-5.56,1.85,2,損切り-5%,5,-5.56
2026-03-11,2026-03-10,6573,ＣＲＡＶＩＡ,9.32,9.95,UNKNOWN,59.0,63.0,6.78,A,0,NORMAL,,,6.78,3.39,8.47,15.25,10.17,15.25,4,利確+3%,1,6.78
2026-03-11,2026-03-10,8622,水戸証券,8.6,7.8,UNKNOWN,753.0,764.0,1.46,FLAT,0,NORMAL,,,1.46,-2.26,-2.79,-3.98,-4.25,1.46,1,引け(day5),5,-4.25
2026-03-11,2026-03-10,6356,日本ギア工業,8.47,7.42,UNKNOWN,2105.0,1878.0,-10.78,FAIL,0,NORMAL,,,-10.78,-20.76,-7.22,-14.2,-22.66,-7.22,3,損切り-5%,1,-10.78
2026-03-11,2026-03-10,4881,ファンペップ,8.33,6.99,UNKNOWN,110.0,102.0,-7.27,FAIL,0,NORMAL,,,-7.27,-9.09,-7.27,4.55,10.91,10.91,5,損切り-5%,1,-7.27
2026-03-11,2026-03-10,3563,ＦＯＯＤ　＆　ＬＩＦＥ　ＣＯＭＰＡＮＩＥＳ,8.23,6.7,UNKNOWN,9380.0,9537.0,1.67,FLAT,0,NORMAL,,,1.67,0.07,2.77,1.55,0.97,2.77,3,引け(day5),5,0.97
2026-03-11,2026-03-10,4418,ＪＤＳＣ,8.18,6.54,UNKNOWN,924.0,921.0,-0.32,FAIL,0,NORMAL,,,-0.32,-5.84,-6.17,-7.79,-8.77,-0.32,1,損切り-5%,2,-5.84
2026-03-11,2026-03-10,157A,グリーンモンスター,8.14,6.42,UNKNOWN,1286.0,1491.0,15.94,S,1,NORMAL,,,15.94,5.6,5.91,2.64,-2.88,15.94,1,利確+3%,1,15.94
2026-03-11,2026-03-10,4379,Ｐｈｏｔｏｓｙｎｔｈ,7.5,4.51,UNKNOWN,499.0,516.0,3.41,B,0,NORMAL,,,3.41,0.8,0.2,1.2,-4.81,3.41,1,利確+3%,1,3.41
2026-03-11,2026-03-10,6189,グローバルキッズＣＯＭＰＡＮＹ,7.42,4.25,UNKNOWN,1115.0,1092.0,-2.06,FAIL,0,NORMAL,,,-2.06,-2.24,-3.32,-4.84,-4.57,-2.06,1,引け(day5),5,-4.57
2026-03-11,2026-03-10,2321,ソフトフロントホールディングス,7.31,6.74,CAUTION,414.0,406.0,-1.93,FAIL,0,NORMAL,,,-1.93,-7.49,-0.97,-3.14,-22.46,-0.97,3,損切り-5%,2,-7.49
2026-03-11,2026-03-10,5461,中部鋼鈑,7.28,5.42,UNKNOWN,2059.0,2087.0,1.36,FLAT,0,NORMAL,,,1.36,4.95,4.91,6.07,7.87,7.87,5,利確+3%,2,4.95
2026-03-11,2026-03-10,3186,ネクステージ,7.27,3.82,UNKNOWN,3065.0,3150.0,2.77,B,0,NORMAL,,,2.77,5.38,2.45,1.79,3.1,5.38,2,利確+3%,2,5.38
2026-03-11,2026-03-10,2438,アスカネット,7.08,3.24,UNKNOWN,378.0,377.0,-0.26,FAIL,0,NORMAL,,,-0.26,-2.91,-2.38,-2.12,-1.59,-0.26,1,引け(day5),5,-1.59
2026-03-11,2026-03-10,4594,ブライトパス・バイオ,7.04,3.11,UNKNOWN,70.0,76.0,8.57,S,1,NORMAL,,,8.57,5.71,-1.43,2.86,-1.43,8.57,1,利確+3%,1,8.57
2026-03-11,2026-03-10,479A,ＰＲＯＮＩ,6.93,2.8,UNKNOWN,1481.0,1445.0,-2.43,FAIL,0,NORMAL,,,-2.43,0.74,0.2,-0.74,-2.5,0.74,2,引け(day5),5,-2.5
2026-03-11,2026-03-10,6466,ＴＶＥ,6.9,3.18,UNKNOWN,5940.0,5590.0,-5.89,FAIL,0,NORMAL,,,-5.89,-9.6,-3.2,-10.27,-20.29,-3.2,3,損切り-5%,1,-5.89
2026-03-12,2026-03-11,4075,ブレインズテクノロジー,10.0,17.46,UNKNOWN,1404.0,1615.0,15.03,S,1,NORMAL,,,15.03,14.89,8.97,29.49,32.55,32.55,5,利確+3%,1,15.03
2026-03-12,2026-03-11,3840,パス,10.0,12.95,UNKNOWN,86.0,92.0,6.98,A,0,NORMAL,,,6.98,1.16,-3.49,-6.98,-13.95,6.98,1,利確+3%,1,6.98
2026-03-12,2026-03-11,4882,ペルセウスプロテオミクス,10.0,16.01,UNKNOWN,267.0,277.0,3.75,B,0,NORMAL,,,3.75,-3.37,-5.24,-12.36,-14.23,3.75,1,利確+3%,1,3.75
2026-03-12,2026-03-11,157A,グリーンモンスター,10.0,13.45,BUY,1431.0,1358.0,-5.1,FAIL,0,NORMAL,,,-5.1,-4.82,-7.76,-12.72,-15.16,-4.82,2,損切り-5%,1,-5.1
2026-03-12,2026-03-11,3553,共和レザー,8.44,7.32,UNKNOWN,1011.0,1000.0,-1.09,FAIL,0,NORMAL,,,-1.09,-2.47,-1.58,-1.58,-0.2,-0.2,5,引け(day5),5,-0.2
2026-03-12,2026-03-11,6907,ジオマテック,8.08,6.25,UNKNOWN,1116.0,1025.0,-8.15,FAIL,0,NORMAL,,,-8.15,-6.0,-5.91,-6.81,-5.02,-5.02,5,損切り-5%,1,-8.15
2026-03-12,2026-03-11,255A,ジーエルテクノホールディングス,7.81,5.44,UNKNOWN,3565.0,3485.0,-2.24,FAIL,0,NORMAL,,,-2.24,-3.65,-3.09,1.26,-0.7,1.26,4,引け(day5),5,-0.7
2026-03-12,2026-03-11,2375,ギグワークス,7.79,5.36,UNKNOWN,230.0,226.0,-1.74,FAIL,0,NORMAL,,,-1.74,-4.35,-5.65,-7.83,-6.52,-1.74,1,損切り-5%,3,-5.65
2026-03-12,2026-03-11,6356,日本ギア工業,7.53,4.59,BUY,1838.0,1668.0,-9.25,FAIL,0,NORMAL,,,-9.25,6.26,-1.74,-11.43,2.45,6.26,2,損切り-5%,1,-9.25
2026-03-12,2026-03-11,6769,ザインエレクトロニクス,7.34,4.01,UNKNOWN,955.0,1012.0,5.97,A,0,NORMAL,,,5.97,0.31,-0.73,-2.3,-2.51,5.97,1,利確+3%,1,5.97
2026-03-12,2026-03-11,4265,Ｉｎｓｔｉｔｕｔｉｏｎ　ｆｏｒ　ａ　Ｇｌｏｂａｌ　Ｓｏｃｉｅｔｙ,7.32,3.96,UNKNOWN,323.0,320.0,-0.93,FAIL,0,NORMAL,,,-0.93,8.98,5.26,30.03,42.41,42.41,5,利確+3%,2,8.98
2026-03-12,2026-03-11,192A,インテグループ,7.13,3.38,UNKNOWN,1925.0,1897.0,-1.45,FAIL,0,NORMAL,,,-1.45,-2.39,-3.38,-2.29,-3.27,-1.45,1,引け(day5),5,-3.27
2026-03-12,2026-03-11,6093,エスクロー・エージェント・ジャパン,7.12,3.37,UNKNOWN,189.0,193.0,2.12,B,0,NORMAL,,,2.12,0.0,-1.06,1.59,3.17,3.17,5,利確+3%,5,3.17
2026-03-12,2026-03-11,3927,フーバーブレイン,7.01,3.04,UNKNOWN,1026.0,1044.0,1.75,FLAT,0,NORMAL,,,1.75,8.19,8.28,3.02,12.57,12.57,5,利確+3%,2,8.19
2026-03-12,2026-03-11,9908,日本電計,6.84,2.52,UNKNOWN,2563.0,2621.0,2.26,B,0,NORMAL,,,2.26,0.7,-0.94,-1.64,0.62,2.26,1,引け(day5),5,0.62
2026-03-12,2026-03-11,7613,シークス,6.83,2.83,UNKNOWN,1221.0,1205.0,-1.31,FAIL,0,NORMAL,,,-1.31,-1.8,-0.9,-1.56,1.23,1.23,5,引け(day5),5,1.23
2026-03-12,2026-03-11,6466,ＴＶＥ,6.81,2.43,PASS,5690.0,5370.0,-5.62,FAIL,0,NORMAL,,,-5.62,1.05,-6.33,-16.78,-14.24,1.05,2,損切り-5%,1,-5.62
2026-03-12,2026-03-11,4979,ＯＡＴアグリオ,6.79,2.64,UNKNOWN,2734.0,2900.0,6.07,A,0,NORMAL,,,6.07,9.51,11.92,8.05,3.18,11.92,3,利確+3%,1,6.07
2026-03-12,2026-03-11,6521,オキサイド,6.78,5.51,UNKNOWN,4725.0,4800.0,1.59,FLAT,0,NORMAL,,,1.59,-5.71,6.67,2.65,7.72,7.72,5,損切り-5%,2,-5.71
2026-03-12,2026-03-11,4586,メドレックス,6.7,2.09,CAUTION,110.0,106.0,-3.64,FAIL,0,NORMAL,,,-3.64,-1.82,0.0,-0.91,3.64,3.64,5,利確+3%,5,3.64
2026-03-13,2026-03-12,1776,三井住建道路,10.0,13.04,UNKNOWN,1995.0,1996.0,0.05,FLAT,0,WEAK,,,0.05,0.05,0.0,0.05,0.0,0.05,1,引け(day5),5,0.0
2026-03-13,2026-03-12,4890,坪田ラボ,10.0,13.08,UNKNOWN,433.0,413.0,-4.62,FAIL,0,WEAK,,,-4.62,-7.62,-5.77,-12.01,-17.55,-4.62,1,損切り-5%,2,-7.62
2026-03-13,2026-03-12,7940,ウェーブロックホールディングス,10.0,11.99,UNKNOWN,1059.0,1069.0,0.94,FLAT,0,WEAK,,,0.94,0.85,1.13,1.98,1.32,1.98,4,引け(day5),5,1.32
2026-03-13,2026-03-12,2375,ギグワークス,10.0,12.16,PASS,221.0,220.0,-0.45,FAIL,0,WEAK,,,-0.45,-1.81,-4.07,-2.71,-5.43,-0.45,1,損切り-5%,5,-5.43
2026-03-13,2026-03-12,4814,ネクストウェア,9.92,11.75,UNKNOWN,204.0,204.0,0.0,FLAT,0,WEAK,,,0.0,-0.98,-1.96,-0.98,-5.88,0.0,1,損切り-5%,5,-5.88
2026-03-13,2026-03-12,7064,ハウテレビジョン,9.89,11.67,UNKNOWN,1020.0,925.0,-9.31,FAIL,0,WEAK,,,-9.31,-7.55,-7.75,-7.75,-6.08,-6.08,5,損切り-5%,1,-9.31
2026-03-13,2026-03-12,4075,ブレインズテクノロジー,9.14,9.41,CAUTION,1622.0,1613.0,-0.55,FAIL,0,WEAK,,,-0.55,-5.67,12.08,14.73,2.77,14.73,4,損切り-5%,2,-5.67
2026-03-13,2026-03-12,6907,ジオマテック,9.05,9.16,CAUTION,1019.0,1049.0,2.94,B,0,WEAK,,,2.94,3.04,2.06,4.02,-6.87,4.02,4,利確+3%,2,3.04
2026-03-13,2026-03-12,3840,パス,8.67,8.0,CAUTION,92.0,87.0,-5.43,FAIL,0,WEAK,,,-5.43,-9.78,-13.04,-19.57,-26.09,-5.43,1,損切り-5%,1,-5.43
2026-03-13,2026-03-12,157A,グリーンモンスター,8.52,7.55,CAUTION,1268.0,1362.0,7.41,A,0,WEAK,,,7.41,4.1,-1.5,-4.26,-11.83,7.41,1,利確+3%,1,7.41
2026-03-13,2026-03-12,6521,オキサイド,8.44,7.32,PASS,4610.0,4455.0,-3.36,FAIL,0,WEAK,,,-3.36,9.33,5.21,10.41,12.58,12.58,5,利確+3%,2,9.33
2026-03-13,2026-03-12,2288,丸大食品,8.3,6.89,UNKNOWN,2222.0,2230.0,0.36,FLAT,0,WEAK,,,0.36,1.17,2.57,5.31,2.52,5.31,4,利確+3%,4,5.31
2026-03-13,2026-03-12,1436,グリーンエナジー＆カンパニー,8.27,6.81,UNKNOWN,3835.0,4190.0,9.26,S,1,WEAK,,,9.26,8.08,5.22,3.91,-0.13,9.26,1,利確+3%,1,9.26
2026-03-13,2026-03-12,4884,クリングルファーマ,8.05,6.14,UNKNOWN,394.0,397.0,0.76,FLAT,0,WEAK,,,0.76,-0.25,-0.51,0.76,-3.81,0.76,1,引け(day5),5,-3.81
2026-03-13,2026-03-12,2734,サーラコーポレーション,7.93,5.78,UNKNOWN,1060.0,1055.0,-0.47,FAIL,0,WEAK,,,-0.47,0.0,-0.47,1.42,-0.28,1.42,4,引け(day5),5,-0.28
2026-03-13,2026-03-12,4074,ラキール,7.91,5.74,UNKNOWN,698.0,695.0,-0.43,FAIL,0,WEAK,,,-0.43,-1.86,-5.73,-3.01,-4.73,-0.43,1,損切り-5%,3,-5.73
2026-03-13,2026-03-12,1844,大盛工業,7.85,5.54,UNKNOWN,665.0,629.0,-5.41,FAIL,0,WEAK,,,-5.41,-3.91,-8.27,-6.02,-9.62,-3.91,2,損切り-5%,1,-5.41
2026-03-13,2026-03-12,4026,神島化学工業,7.75,5.25,UNKNOWN,1875.0,1938.0,3.36,B,0,WEAK,,,3.36,3.15,3.68,8.05,1.39,8.05,4,利確+3%,1,3.36
2026-03-13,2026-03-12,4893,ノイルイミューン・バイオテック,7.55,4.66,UNKNOWN,163.0,180.0,10.43,S,1,WEAK,,,10.43,25.77,13.5,11.04,-6.75,25.77,2,利確+3%,1,10.43
2026-03-13,2026-03-12,5248,テクノロジーズ,7.49,4.48,UNKNOWN,485.0,493.0,1.65,FLAT,0,WEAK,,,1.65,1.65,-1.24,-6.19,-10.52,1.65,1,損切り-5%,4,-6.19
2026-03-16,2026-03-13,7640,トップカルチャー,10.0,12.74,UNKNOWN,206.0,198.0,-3.88,FAIL,0,NORMAL,,,-3.88,-3.88,-2.43,-2.91,-5.34,-2.43,3,損切り-5%,5,-5.34
2026-03-16,2026-03-13,7031,インバウンドテック,10.0,17.65,PASS,687.0,655.0,-4.66,FAIL,0,NORMAL,,,-4.66,-7.57,-8.15,-10.33,-14.12,-4.66,1,損切り-5%,2,-7.57
2026-03-16,2026-03-13,4664,アール・エス・シー,10.0,13.48,UNKNOWN,1011.0,1156.0,14.34,S,1,NORMAL,,,14.34,12.76,10.98,-1.19,-11.57,14.34,1,利確+3%,1,14.34
2026-03-16,2026-03-13,7435,ナ・デックス,10.0,13.4,PASS,1120.0,1119.0,-0.09,FAIL,0,NORMAL,,,-0.09,-0.09,-0.18,-1.16,-4.91,-0.09,1,引け(day5),5,-4.91
2026-03-16,2026-03-13,4890,坪田ラボ,9.73,11.18,PASS,421.0,400.0,-4.99,FAIL,0,NORMAL,,,-4.99,-3.09,-9.5,-15.2,-19.71,-3.09,2,損切り-5%,3,-9.5
2026-03-16,2026-03-13,3624,アクセルマーク,9.64,10.92,UNKNOWN,84.0,91.0,8.33,A,0,NORMAL,,,8.33,4.76,7.14,-1.19,-5.95,8.33,1,利確+3%,1,8.33
2026-03-16,2026-03-13,9212,Ｇｒｅｅｎ　Ｅａｒｔｈ　Ｉｎｓｔｉｔｕｔｅ,9.45,10.35,UNKNOWN,413.0,393.0,-4.84,FAIL,0,NORMAL,,,-4.84,-6.78,-7.51,-11.38,-10.9,-4.84,1,損切り-5%,2,-6.78
2026-03-16,2026-03-13,5031,モイ,9.3,9.9,UNKNOWN,312.0,304.0,-2.56,FAIL,0,NORMAL,,,-2.56,-3.21,-1.92,-4.49,-8.65,-1.92,3,損切り-5%,5,-8.65
2026-03-16,2026-03-13,4031,片倉コープアグリ,9.13,9.39,UNKNOWN,1260.0,1297.0,2.94,B,0,NORMAL,,,2.94,-2.14,-6.27,-10.71,-5.56,2.94,1,損切り-5%,3,-6.27
2026-03-16,2026-03-13,9514,エフオン,9.12,9.37,UNKNOWN,415.0,390.0,-6.02,FAIL,0,NORMAL,,,-6.02,-6.51,-6.02,-10.6,-17.59,-6.02,1,損切り-5%,1,-6.02
2026-03-16,2026-03-13,6666,リバーエレテック,9.08,9.25,UNKNOWN,842.0,916.0,8.79,S,1,NORMAL,,,8.79,-4.16,-5.7,-17.1,-23.52,8.79,1,利確+3%,1,8.79
2026-03-16,2026-03-13,7064,ハウテレビジョン,8.48,7.44,PASS,952.0,943.0,-0.95,FAIL,0,NORMAL,,,-0.95,-1.16,-1.16,0.63,-7.04,0.63,4,損切り-5%,5,-7.04
2026-03-16,2026-03-13,7743,シード,8.25,6.74,UNKNOWN,618.0,623.0,0.81,FLAT,0,NORMAL,,,0.81,-4.69,-7.93,-7.61,0.49,0.81,1,損切り-5%,3,-7.93
2026-03-16,2026-03-13,5461,中部鋼鈑,8.23,6.68,UNKNOWN,2180.0,2184.0,0.18,FLAT,0,NORMAL,,,0.18,1.88,6.97,7.06,8.35,8.35,5,利確+3%,3,6.97
2026-03-16,2026-03-13,2776,新都ホールディングス,8.09,6.27,PASS,139.0,140.0,0.72,FLAT,0,NORMAL,,,0.72,-3.6,-2.88,-5.04,-15.11,0.72,1,損切り-5%,4,-5.04
2026-03-16,2026-03-13,1776,三井住建道路,8.02,6.05,PASS,1995.0,1996.0,0.05,FLAT,0,NORMAL,,,0.05,0.0,0.05,0.0,0.0,0.05,1,引け(day5),5,0.0
2026-03-16,2026-03-13,9130,共栄タンカー,8.0,8.82,UNKNOWN,2400.0,2348.0,-2.17,FAIL,0,NORMAL,,,-2.17,-0.92,-0.79,-1.0,-3.38,-0.79,3,引け(day5),5,-3.38
2026-03-16,2026-03-13,5032,ＡＮＹＣＯＬＯＲ,7.9,5.71,UNKNOWN,3585.0,3450.0,-3.77,FAIL,0,NORMAL,,,-3.77,-4.18,-7.11,-10.74,-15.34,-3.77,1,損切り-5%,3,-7.11
2026-03-16,2026-03-13,1844,大盛工業,7.83,5.5,PASS,629.0,639.0,1.59,FLAT,0,NORMAL,,,1.59,-3.02,-0.64,-4.45,-9.86,1.59,1,損切り-5%,5,-9.86
2026-03-16,2026-03-13,2734,サーラコーポレーション,7.8,5.41,PASS,1055.0,1060.0,0.47,FLAT,0,NORMAL,,,0.47,0.0,1.9,0.19,-2.94,1.9,3,引け(day5),5,-2.94
2026-03-17,2026-03-16,9212,Ｇｒｅｅｎ　Ｅａｒｔｈ　Ｉｎｓｔｉｔｕｔｅ,8.94,8.81,CAUTION,390.0,385.0,-1.28,FAIL,0,NORMAL,,,-1.28,-2.05,-6.15,-5.64,-5.64,-1.28,1,損切り-5%,3,-6.15
2026-03-17,2026-03-16,206A,ＰＲＩＳＭ　ＢｉｏＬａｂ,8.93,8.8,PASS,200.0,196.0,-2.0,FAIL,0,NORMAL,,,-2.0,-1.0,-9.5,-15.5,-15.5,-1.0,2,損切り-5%,3,-9.5
2026-03-17,2026-03-16,7692,アースインフィニティ,8.75,8.26,CAUTION,101.0,103.0,1.98,FLAT,0,NORMAL,,,1.98,2.97,-0.99,-5.94,-5.94,2.97,2,損切り-5%,4,-5.94
2026-03-17,2026-03-16,9556,ＩＮＴＬＯＯＰ,8.74,8.21,CAUTION,2011.0,1958.0,-2.64,FAIL,0,NORMAL,,,-2.64,-0.75,-5.97,-12.73,-12.73,-0.75,2,損切り-5%,3,-5.97
2026-03-17,2026-03-16,4438,Ｗｅｌｂｙ,8.32,6.95,PASS,375.0,355.0,-5.33,FAIL,0,NORMAL,,,-5.33,-1.87,-6.13,-10.13,-10.13,-1.87,2,損切り-5%,1,-5.33
2026-03-17,2026-03-16,4664,アール・エス・シー,8.31,6.92,CAUTION,1150.0,1140.0,-0.87,FAIL,0,NORMAL,,,-0.87,-2.43,-13.13,-22.26,-22.26,-0.87,1,損切り-5%,3,-13.13
2026-03-17,2026-03-16,4934,プレミアアンチエイジング,8.05,6.15,CAUTION,655.0,643.0,-1.83,FAIL,0,NORMAL,,,-1.83,-1.07,-5.34,-8.09,-8.09,-1.07,2,損切り-5%,3,-5.34
2026-03-17,2026-03-16,4979,ＯＡＴアグリオ,7.95,5.85,PASS,2990.0,2954.0,-1.2,FAIL,0,NORMAL,,,-1.2,-5.65,-7.69,-7.59,-7.59,-1.2,1,損切り-5%,2,-5.65
2026-03-17,2026-03-16,7743,シード,7.86,5.59,PASS,623.0,589.0,-5.46,FAIL,0,NORMAL,,,-5.46,-8.67,-8.35,-0.32,-0.32,-0.32,4,損切り-5%,1,-5.46
2026-03-17,2026-03-16,1433,ベステラ,7.81,5.43,PASS,1163.0,1176.0,1.12,FLAT,0,NORMAL,,,1.12,4.04,1.29,-1.89,-1.89,4.04,2,利確+3%,2,4.04
2026-03-17,2026-03-16,4031,片倉コープアグリ,7.8,5.39,PASS,1252.0,1233.0,-1.52,FAIL,0,NORMAL,,,-1.52,-5.67,-10.14,-4.95,-4.95,-1.52,1,損切り-5%,2,-5.67
2026-03-17,2026-03-16,9130,共栄タンカー,7.7,5.11,PASS,2224.0,2378.0,6.92,S,1,NORMAL,,,6.92,7.06,6.83,4.27,4.27,7.06,2,利確+3%,1,6.92
2026-03-17,2026-03-16,4890,坪田ラボ,7.67,8.83,PASS,414.0,408.0,-1.45,FAIL,0,NORMAL,,,-1.45,-7.97,-13.77,-18.36,-18.36,-1.45,1,損切り-5%,2,-7.97
2026-03-17,2026-03-16,2929,ファーマフーズ,7.64,4.93,PASS,682.0,675.0,-1.03,FAIL,0,NORMAL,,,-1.03,3.08,-2.05,-4.99,-4.99,3.08,2,利確+3%,2,3.08
2026-03-17,2026-03-16,3803,イメージ情報開発,7.57,4.71,PASS,658.0,748.0,13.68,S,1,NORMAL,,,13.68,10.18,11.85,34.65,34.65,34.65,4,利確+3%,1,13.68
2026-03-17,2026-03-16,9514,エフオン,7.55,4.66,PASS,387.0,388.0,0.26,FLAT,0,NORMAL,,,0.26,0.78,-4.13,-11.63,-11.63,0.78,2,損切り-5%,4,-11.63
2026-03-17,2026-03-16,8835,太平洋興発,7.53,4.6,PASS,900.0,896.0,-0.44,FAIL,0,NORMAL,,,-0.44,0.22,-1.44,7.22,7.22,7.22,4,利確+3%,4,7.22
2026-03-17,2026-03-16,7375,リファインバースグループ,7.46,4.39,PASS,1013.0,1057.0,4.34,B,0,NORMAL,,,4.34,0.99,7.9,16.09,16.09,16.09,4,利確+3%,1,4.34
2026-03-17,2026-03-16,6336,石井表記,7.46,4.38,PASS,923.0,906.0,-1.84,FAIL,0,NORMAL,,,-1.84,5.53,3.58,-4.66,-4.66,5.53,2,利確+3%,2,5.53
2026-03-17,2026-03-16,4263,サスメド,7.45,5.18,PASS,1000.0,968.0,-3.2,FAIL,0,NORMAL,,,-3.2,1.4,-4.0,-11.8,-11.8,1.4,2,損切り-5%,4,-11.8
2026-03-18,2026-03-17,6190,フェニックスバイオ,10.0,13.53,CAUTION,484.0,482.0,-0.41,FLAT,0,WEAK,485.0,0.21,-0.41,-5.99,-12.4,-12.4,-9.92,-0.41,1,損切り-5%,2,-5.99
2026-03-18,2026-03-17,3113,ＵＮＩＶＡ・Ｏａｋホールディングス,10.0,17.48,PASS,82.0,81.0,-1.22,B,0,WEAK,85.0,3.66,-1.22,-2.44,-6.1,-6.1,-1.22,-1.22,1,損切り-5%,3,-6.1
2026-03-18,2026-03-17,9262,シルバーライフ,9.12,9.36,CAUTION,879.0,888.0,1.02,FLAT,0,WEAK,888.0,1.02,1.02,1.37,-2.28,-2.28,0.57,1.37,2,引け(day5),5,0.57
2026-03-18,2026-03-17,5965,フジマック,8.7,8.1,BUY,1237.0,1240.0,0.24,FLAT,0,WEAK,1240.0,0.24,0.24,-0.81,-2.34,-2.34,1.7,1.7,5,引け(day5),5,1.7
2026-03-18,2026-03-17,9959,アシードホールディングス,8.53,7.58,BUY,1200.0,1250.0,4.17,A,0,WEAK,1280.0,6.67,4.17,-4.25,-5.5,-5.5,-8.75,4.17,1,利確+3%,1,4.17
2026-03-18,2026-03-17,2286,林兼産業,8.34,7.03,BUY,1004.0,1022.0,1.79,FLAT,0,WEAK,1023.0,1.89,1.79,-0.7,-3.98,-3.98,-2.89,1.79,1,引け(day5),5,-2.89
2026-03-18,2026-03-17,3653,モルフォ,8.3,6.89,BUY,677.0,674.0,-0.44,FLAT,0,WEAK,685.0,1.18,-0.44,-3.4,-5.91,-5.91,-5.47,-0.44,1,損切り-5%,3,-5.91
2026-03-18,2026-03-17,7183,あんしん保証,8.09,6.27,BUY,211.0,214.0,1.42,B,0,WEAK,217.0,2.84,1.42,0.47,-0.95,-0.95,-7.58,1.42,1,損切り-5%,5,-7.58
2026-03-18,2026-03-17,6387,サムコ,7.88,5.64,PASS,7360.0,7540.0,2.45,B,0,WEAK,7710.0,4.76,2.45,4.48,-2.17,-2.17,9.38,9.38,5,利確+3%,2,4.48
2026-03-18,2026-03-17,212A,フィットイージー,7.8,5.41,BUY,2361.0,2361.0,0.0,FLAT,0,WEAK,2389.0,1.19,0.0,-3.56,-6.4,-6.4,-4.49,0.0,1,損切り-5%,3,-6.4
2026-03-18,2026-03-17,5889,Ｊａｐａｎ　Ｅｙｅｗｅａｒ　Ｈｏｌｄｉｎｇｓ,7.61,4.84,BUY,2065.0,2095.0,1.45,FLAT,0,WEAK,2095.0,1.45,1.45,0.53,-1.69,-1.69,-0.44,1.45,1,引け(day5),5,-0.44
2026-03-18,2026-03-17,4369,トリケミカル研究所,7.6,4.81,BUY,2757.0,2757.0,0.0,FLAT,0,WEAK,2767.0,0.36,0.0,-4.17,-5.66,-5.66,-2.18,0.0,1,損切り-5%,3,-5.66
2026-03-18,2026-03-17,3193,エターナルホスピタリティグループ,7.59,4.76,BUY,3240.0,3315.0,2.31,B,0,WEAK,3315.0,2.31,2.31,2.47,-0.31,-0.31,4.01,4.01,5,利確+3%,5,4.01
2026-03-18,2026-03-17,2929,ファーマフーズ,7.57,4.71,BUY,675.0,703.0,4.15,B,0,WEAK,704.0,4.3,4.15,-1.04,-4.0,-4.0,0.0,4.15,1,利確+3%,1,4.15
2026-03-18,2026-03-17,5352,黒崎播磨,7.54,5.3,BUY,4185.0,4180.0,-0.12,FLAT,0,WEAK,4185.0,0.0,-0.12,-0.12,0.0,0.0,0.0,0.0,3,引け(day5),5,0.0
2026-03-18,2026-03-17,7110,クラシコム,7.53,4.58,BUY,2016.0,2075.0,2.93,B,0,WEAK,2080.0,3.17,2.93,-0.05,-1.64,-1.64,-2.03,2.93,1,引け(day5),5,-2.03
2026-03-18,2026-03-17,1429,日本アクア,7.27,3.8,PASS,746.0,757.0,1.47,FLAT,0,WEAK,759.0,1.74,1.47,-2.68,-5.23,-5.23,-4.83,1.47,1,損切り-5%,3,-5.23
2026-03-18,2026-03-17,2695,くら寿司,7.17,3.51,PASS,3485.0,3570.0,2.44,B,0,WEAK,3570.0,2.44,2.44,1.0,-3.44,-3.44,-1.15,2.44,1,引け(day5),5,-1.15
2026-03-18,2026-03-17,4025,多木化学,7.08,3.23,PASS,4370.0,4515.0,3.32,B,0,WEAK,4555.0,4.23,3.32,1.14,6.06,6.06,3.09,6.06,3,利確+3%,1,3.32
2026-03-18,2026-03-17,4422,ＶＡＬＵＥＮＥＸ,7.04,3.12,PASS,467.0,515.0,10.28,S,1,WEAK,515.0,10.28,10.28,1.71,-5.35,-5.35,11.78,11.78,5,利確+3%,1,10.28
2026-03-19,2026-03-18,5603,虹技,10.0,17.21,CAUTION,1570.0,1590.0,1.27,FLAT,0,NORMAL,1598.0,1.78,1.27,-6.31,-6.31,-7.52,-6.62,1.27,1,損切り-5%,2,-6.31
2026-03-19,2026-03-18,4422,ＶＡＬＵＥＮＥＸ,8.34,7.02,BUY,555.0,475.0,-14.41,FLAT,0,NORMAL,558.0,0.54,-14.41,-20.36,-20.36,-5.95,2.88,2.88,5,損切り-5%,1,-14.41
2026-03-19,2026-03-18,9235,売れるネット広告社グループ,8.31,6.92,BUY,544.0,530.0,-2.57,FLAT,0,NORMAL,544.0,0.0,-2.57,-6.62,-6.62,11.76,30.15,30.15,5,損切り-5%,2,-6.62
2026-03-19,2026-03-18,6955,ＦＤＫ,8.21,6.64,BUY,493.0,503.0,2.03,A,0,NORMAL,527.0,6.9,2.03,-4.46,-4.46,-3.45,-0.61,2.03,1,引け(day5),5,-0.61
2026-03-19,2026-03-18,4888,ステラファーマ,8.09,6.28,BUY,550.0,605.0,10.0,S,1,NORMAL,646.0,17.45,10.0,28.18,28.18,55.45,52.73,55.45,4,利確+3%,1,10.0
2026-03-19,2026-03-18,4892,サイフューズ,7.79,5.36,BUY,648.0,614.0,-5.25,FLAT,0,NORMAL,648.0,0.0,-5.25,-10.65,-10.65,-6.94,-4.32,-4.32,5,損切り-5%,1,-5.25
2026-03-19,2026-03-18,446A,ノースサンド,7.78,6.01,BUY,1437.0,1359.0,-5.43,B,0,NORMAL,1472.0,2.44,-5.43,-9.74,-9.74,-9.32,-7.24,-5.43,1,損切り-5%,1,-5.43
2026-03-19,2026-03-18,4929,アジュバンホールディングス,7.75,5.26,BUY,764.0,760.0,-0.52,FLAT,0,NORMAL,765.0,0.13,-0.52,-1.05,-1.05,-1.05,-0.79,-0.52,1,引け(day5),5,-0.79
2026-03-19,2026-03-18,6699,ダイヤモンドエレクトリックホールディングス,7.69,5.08,BUY,648.0,618.0,-4.63,FLAT,0,NORMAL,654.0,0.93,-4.63,-8.8,-8.8,-7.1,-3.7,-3.7,5,損切り-5%,2,-8.8
2026-03-19,2026-03-18,9279,ギフトホールディングス,7.67,5.02,BUY,4575.0,4475.0,-2.19,FLAT,0,NORMAL,4665.0,1.97,-2.19,1.42,1.42,4.7,3.5,4.7,4,利確+3%,4,4.7
2026-03-19,2026-03-18,2673,夢みつけ隊,7.63,4.88,BUY,189.0,185.0,-2.12,FLAT,0,NORMAL,191.0,1.06,-2.12,-7.94,-7.94,-5.82,-2.12,-2.12,1,損切り-5%,2,-7.94
2026-03-19,2026-03-18,5933,アルインコ,7.38,4.14,PASS,1099.0,1086.0,-1.18,FLAT,0,NORMAL,1112.0,1.18,-1.18,-5.19,-5.19,-3.64,-2.0,-1.18,1,損切り-5%,2,-5.19
2026-03-19,2026-03-18,5852,アーレスティ,7.36,4.08,PASS,853.0,833.0,-2.34,FLAT,0,NORMAL,856.0,0.35,-2.34,-5.86,-5.86,-3.87,-1.29,-1.29,5,損切り-5%,2,-5.86
2026-03-19,2026-03-18,4346,ＮＥＸＹＺ．Ｇｒｏｕｐ,7.28,3.85,PASS,760.0,760.0,0.0,FLAT,0,NORMAL,769.0,1.18,0.0,-5.53,-5.53,-3.68,-1.84,0.0,1,損切り-5%,2,-5.53
2026-03-19,2026-03-18,3070,ジェリービーンズグループ,7.28,3.83,PASS,101.0,93.0,-7.92,FLAT,0,NORMAL,102.0,0.99,-7.92,-12.87,-12.87,-13.86,-11.88,-7.92,1,損切り-5%,1,-7.92
2026-03-19,2026-03-18,456A,ＨＵＭＡＮ　ＭＡＤＥ,7.25,3.75,PASS,4400.0,4350.0,-1.14,A,0,NORMAL,4620.0,5.0,-1.14,3.3,3.3,19.32,17.27,19.32,4,利確+3%,2,3.3
2026-03-19,2026-03-18,2983,アールプランナー,7.21,3.64,PASS,1691.0,1649.0,-2.48,FLAT,0,NORMAL,1691.0,0.0,-2.48,-7.92,-7.92,-5.44,-2.84,-2.48,1,損切り-5%,2,-7.92
2026-03-19,2026-03-18,254A,ＡＩフュージョンキャピタルグループ,7.16,3.48,PASS,1114.0,1154.0,3.59,B,0,NORMAL,1161.0,4.22,3.59,-0.54,-0.54,-1.8,-2.51,3.59,1,利確+3%,1,3.59
2026-03-19,2026-03-18,8894,ＲＥＶＯＬＵＴＩＯＮ,7.09,3.28,PASS,54.0,54.0,0.0,FLAT,0,NORMAL,55.0,1.85,0.0,-3.7,-3.7,-5.56,-3.7,0.0,1,損切り-5%,4,-5.56
2026-03-19,2026-03-18,3113,ＵＮＩＶＡ・Ｏａｋホールディングス,7.07,3.22,PASS,80.0,80.0,0.0,B,0,NORMAL,83.0,3.75,0.0,-3.75,-3.75,1.25,2.5,2.5,5,引け(day5),5,2.5
2026-03-23,2026-03-19,4265,Ｉｎｓｔｉｔｕｔｉｏｎ　ｆｏｒ　ａ　Ｇｌｏｂａｌ　Ｓｏｃｉｅｔｙ,10.0,16.48,UNKNOWN,395.0,406.0,2.78,A,0,PANIC,456.0,15.44,2.78,2.78,-4.3,3.29,-2.53,3.29,4,利確+3%,4,3.29
2026-03-23,2026-03-19,2656,ベクターホールディングス,10.0,14.51,UNKNOWN,162.0,168.0,3.7,B,0,PANIC,168.0,3.7,3.7,3.7,2.47,4.94,10.49,10.49,5,利確+3%,1,3.7
2026-03-23,2026-03-19,9237,笑美面,9.75,11.25,UNKNOWN,707.0,750.0,6.08,A,0,PANIC,760.0,7.5,6.08,6.08,4.95,6.65,6.65,6.65,4,利確+3%,1,6.08
2026-03-23,2026-03-19,6699,ダイヤモンドエレクトリックホールディングス,9.47,10.4,UNKNOWN,598.0,591.0,-1.17,B,0,PANIC,616.0,3.01,-1.17,-1.17,0.67,4.35,2.01,4.35,4,利確+3%,4,4.35
2026-03-23,2026-03-19,4625,アトミクス,9.08,9.25,UNKNOWN,906.0,904.0,-0.22,B,0,PANIC,928.0,2.43,-0.22,-0.22,-3.42,-1.77,-3.97,-0.22,1,引け(day5),5,-3.97
2026-03-23,2026-03-19,2734,サーラコーポレーション,8.15,7.07,UNKNOWN,1040.0,1024.0,-1.54,FLAT,0,PANIC,1060.0,1.92,-1.54,-1.54,-0.58,2.69,1.44,2.69,4,引け(day5),5,1.44
2026-03-23,2026-03-19,4813,ＡＣＣＥＳＳ,7.73,5.2,UNKNOWN,576.0,570.0,-1.04,FLAT,0,PANIC,576.0,0.0,-1.04,-1.04,2.08,2.6,-2.08,2.6,4,引け(day5),5,-2.08
2026-03-23,2026-03-19,6955,ＦＤＫ,7.64,4.91,UNKNOWN,493.0,471.0,-4.46,B,0,PANIC,506.0,2.64,-4.46,-4.46,-3.45,-0.61,-1.22,-0.61,4,引け(day5),5,-1.22
2026-03-23,2026-03-19,5136,ｔｒｉｐｌａ,7.55,4.65,UNKNOWN,1502.0,1458.0,-2.93,A,0,PANIC,1590.0,5.86,-2.93,-2.93,1.13,2.6,1.86,2.6,4,引け(day5),5,1.86
2026-03-23,2026-03-19,3491,ＧＡ　ｔｅｃｈｎｏｌｏｇｉｅｓ,7.52,4.57,UNKNOWN,1276.0,1274.0,-0.16,FLAT,0,PANIC,1297.0,1.65,-0.16,-0.16,5.09,9.4,10.11,10.11,5,利確+3%,3,5.09
2026-03-23,2026-03-19,3565,アセンテック,7.42,4.26,UNKNOWN,1019.0,1046.0,2.65,A,0,PANIC,1077.0,5.69,2.65,2.65,6.67,9.22,8.34,9.22,4,利確+3%,3,6.67
2026-03-23,2026-03-19,4512,わかもと製薬,7.24,3.71,UNKNOWN,345.0,335.0,-2.9,FLAT,0,PANIC,348.0,0.87,-2.9,-2.9,2.32,3.19,5.51,5.51,5,利確+3%,4,3.19
2026-03-23,2026-03-19,4880,セルソース,7.24,3.73,UNKNOWN,387.0,373.0,-3.62,FLAT,0,PANIC,387.0,0.0,-3.62,-3.62,0.78,1.29,-1.03,1.29,4,引け(day5),5,-1.03
2026-03-23,2026-03-19,5603,虹技,7.23,3.69,UNKNOWN,1490.0,1471.0,-1.28,FLAT,0,PANIC,1514.0,1.61,-1.28,-1.28,-2.55,-1.61,-3.69,-1.28,1,引け(day5),5,-3.69
2026-03-23,2026-03-19,3415,ＴＯＫＹＯ　ＢＡＳＥ,7.16,3.53,UNKNOWN,384.0,383.0,-0.26,B,0,PANIC,396.0,3.12,-0.26,-0.26,7.55,12.76,8.07,12.76,4,利確+3%,3,7.55
2026-03-23,2026-03-19,8624,いちよし証券,7.13,3.39,UNKNOWN,1373.0,1349.0,-1.75,FLAT,0,PANIC,1386.0,0.95,-1.75,-1.75,2.91,7.65,8.3,8.3,5,利確+3%,4,7.65
2026-03-23,2026-03-19,9104,商船三井,7.13,3.38,UNKNOWN,6834.0,6382.0,-6.61,FLAT,0,PANIC,6836.0,0.03,-6.61,-6.61,-6.2,-4.42,0.41,0.41,5,損切り-5%,1,-6.61
2026-03-23,2026-03-19,9743,丹青社,7.04,3.12,UNKNOWN,1491.0,1475.0,-1.07,FLAT,0,PANIC,1491.0,0.0,-1.07,-1.07,0.8,2.01,0.87,2.01,4,引け(day5),5,0.87
2026-03-23,2026-03-19,3657,ポールトゥウィンホールディングス,6.99,3.56,UNKNOWN,286.0,290.0,1.4,FLAT,0,PANIC,290.0,1.4,1.4,1.4,1.75,6.64,4.9,6.64,4,利確+3%,4,6.64
2026-03-23,2026-03-19,7901,マツモト,6.87,2.61,UNKNOWN,1216.0,1161.0,-4.52,FLAT,0,PANIC,1240.0,1.97,-4.52,-4.52,-2.14,-2.71,-8.96,-2.14,3,損切り-5%,5,-8.96
2026-03-24,2026-03-23,6522,アスタリスク,10.0,18.5,CAUTION,1117.0,1000.0,-10.47,A,0,PANIC,1286.0,15.13,-10.47,16.38,29.01,,,29.01,3,損切り-5%,1,-10.47
2026-03-24,2026-03-23,6335,東京機械製作所,10.0,13.52,CAUTION,520.0,498.0,-4.23,FLAT,0,PANIC,525.0,0.96,-4.23,0.96,-3.46,,,0.96,2,引け(day3),3,-3.46
2026-03-24,2026-03-23,4169,ＥＮＥＣＨＡＮＧＥ,10.0,12.92,CAUTION,248.0,252.0,1.61,B,0,PANIC,256.0,3.23,1.61,11.69,2.02,,,11.69,2,利確+3%,2,11.69
2026-03-24,2026-03-23,7375,リファインバースグループ,9.51,10.52,CAUTION,1101.0,1096.0,-0.45,A,0,PANIC,1178.0,6.99,-0.45,-1.27,25.98,,,25.98,3,利確+3%,3,25.98
2026-03-24,2026-03-23,2195,アミタホールディングス,9.31,9.93,CAUTION,355.0,358.0,0.85,A,0,PANIC,415.0,16.9,0.85,1.69,24.23,,,24.23,3,利確+3%,3,24.23
2026-03-24,2026-03-23,3238,セントラル総合開発,9.3,9.91,CAUTION,347.0,347.0,0.0,FLAT,0,PANIC,350.0,0.86,0.0,1.15,1.73,,,1.73,3,引け(day3),3,1.73
2026-03-24,2026-03-23,2183,リニカル,8.77,8.31,BUY,267.0,267.0,0.0,B,0,PANIC,274.0,2.62,0.0,2.62,1.12,,,2.62,2,引け(day3),3,1.12
2026-03-24,2026-03-23,6378,木村化工機,8.56,7.67,BUY,1718.0,1729.0,0.64,A,0,PANIC,1895.0,10.3,0.64,8.32,-3.03,,,8.32,2,利確+3%,2,8.32
2026-03-24,2026-03-23,7157,ライフネット生命保険,8.5,7.5,BUY,2096.0,2076.0,-0.95,FLAT,0,PANIC,2100.0,0.19,-0.95,3.67,0.0,,,3.67,2,利確+3%,2,3.67
2026-03-24,2026-03-23,296A,令和アカウンティング・ホールディングス,8.13,6.39,BUY,744.0,760.0,2.15,B,0,PANIC,769.0,3.36,2.15,4.7,5.78,,,5.78,3,利確+3%,2,4.7
2026-03-24,2026-03-23,9438,エムティーアイ,7.99,5.98,BUY,641.0,665.0,3.74,B,0,PANIC,669.0,4.37,3.74,5.15,1.09,,,5.15,2,利確+3%,1,3.74
2026-03-24,2026-03-23,3964,オークネット,7.93,5.8,BUY,2480.0,2393.0,-3.51,FLAT,0,PANIC,2480.0,0.0,-3.51,-0.52,-2.86,,,-0.52,2,引け(day3),3,-2.86
2026-03-24,2026-03-23,3835,ｅＢＡＳＥ,7.93,5.79,BUY,402.0,403.0,0.25,FLAT,0,PANIC,406.0,1.0,0.25,1.99,1.74,,,1.99,2,引け(day3),3,1.74
2026-03-24,2026-03-23,8877,エスリード,7.92,5.75,BUY,6200.0,6260.0,0.97,FLAT,0,PANIC,6280.0,1.29,0.97,2.26,2.74,,,2.74,3,引け(day3),3,2.74
2026-03-24,2026-03-23,5932,三協立山,7.83,5.48,BUY,673.0,673.0,0.0,FLAT,0,PANIC,675.0,0.3,0.0,2.82,3.71,,,3.71,3,利確+3%,3,3.71
2026-03-24,2026-03-23,5304,ＳＥＣカーボン,7.73,5.2,BUY,2619.0,2572.0,-1.79,FLAT,0,PANIC,2619.0,0.0,-1.79,0.38,-1.53,,,0.38,2,引け(day3),3,-1.53
2026-03-24,2026-03-23,9237,笑美面,7.71,5.13,BUY,777.0,742.0,-4.5,FLAT,0,PANIC,777.0,0.0,-4.5,-2.96,-2.96,,,-2.96,2,引け(day3),3,-2.96
2026-03-24,2026-03-23,8923,トーセイ,7.42,4.25,PASS,1523.0,1540.0,1.12,FLAT,0,PANIC,1541.0,1.18,1.12,2.82,2.04,,,2.82,2,引け(day3),3,2.04
2026-03-24,2026-03-23,7615,京都きもの友禅ホールディングス,7.39,4.16,PASS,133.0,133.0,0.0,FLAT,0,PANIC,135.0,1.5,0.0,6.77,4.51,,,6.77,2,利確+3%,2,6.77
2026-03-24,2026-03-23,2471,エスプール,7.38,4.13,PASS,249.0,245.0,-1.61,FLAT,0,PANIC,249.0,0.0,-1.61,0.4,-0.4,,,0.4,2,引け(day3),3,-0.4
2026-03-25,2026-03-24,5162,朝日ラバー,10.0,15.61,CAUTION,868.0,824.0,-5.07,B,0,NORMAL,887.0,2.19,-5.07,1.15,,,,1.15,2,損切り-5%,1,-5.07
2026-03-25,2026-03-24,2195,アミタホールディングス,10.0,16.57,CAUTION,363.0,361.0,-0.55,B,0,NORMAL,375.0,3.31,-0.55,21.49,,,,21.49,2,利確+3%,2,21.49
2026-03-25,2026-03-24,9342,スマサポ,10.0,13.88,CAUTION,917.0,935.0,1.96,B,0,NORMAL,940.0,2.51,1.96,-0.65,,,,1.96,1,引け(day2),2,-0.65
2026-03-25,2026-03-24,149A,シンカ,9.69,11.06,CAUTION,1073.0,1001.0,-6.71,FLAT,0,NORMAL,1073.0,0.0,-6.71,21.25,,,,21.25,2,損切り-5%,1,-6.71
2026-03-25,2026-03-24,3011,バナーズ,9.66,10.97,CAUTION,180.0,181.0,0.56,FLAT,0,NORMAL,183.0,1.67,0.56,0.0,,,,0.56,1,引け(day2),2,0.0
2026-03-25,2026-03-24,7066,ピアズ,9.51,10.52,CAUTION,537.0,525.0,-2.23,FLAT,0,NORMAL,537.0,0.0,-2.23,-7.64,,,,-2.23,1,損切り-5%,2,-7.64
2026-03-25,2026-03-24,1443,技研ホールディングス,9.24,9.73,CAUTION,308.0,310.0,0.65,B,0,NORMAL,318.0,3.25,0.65,-3.9,,,,0.65,1,引け(day2),2,-3.9
2026-03-25,2026-03-24,281A,インフォメティス,8.82,8.46,BUY,671.0,560.0,-16.54,B,0,NORMAL,695.0,3.58,-16.54,-28.61,,,,-16.54,1,損切り-5%,1,-16.54
2026-03-25,2026-03-24,8835,太平洋興発,8.56,7.69,BUY,939.0,949.0,1.06,FLAT,0,NORMAL,952.0,1.38,1.06,7.77,,,,7.77,2,利確+3%,2,7.77
2026-03-25,2026-03-24,3077,ホリイフードサービス,8.01,6.03,BUY,592.0,629.0,6.25,A,0,NORMAL,661.0,11.66,6.25,5.07,,,,6.25,1,利確+3%,1,6.25
2026-03-25,2026-03-24,6094,フリークアウト・ホールディングス,7.74,5.23,BUY,710.0,739.0,4.08,B,0,NORMAL,740.0,4.23,4.08,0.14,,,,4.08,1,利確+3%,1,4.08
2026-03-25,2026-03-24,4097,高圧ガス工業,7.74,5.23,BUY,1131.0,1116.0,-1.33,FLAT,0,NORMAL,1136.0,0.44,-1.33,-1.33,,,,-1.33,1,引け(day2),2,-1.33
2026-03-25,2026-03-24,7743,シード,7.67,6.13,BUY,584.0,606.0,3.77,A,0,NORMAL,614.0,5.14,3.77,4.28,,,,4.28,2,利確+3%,1,3.77
2026-03-25,2026-03-24,7375,リファインバースグループ,7.67,5.01,BUY,1066.0,1087.0,1.97,B,0,NORMAL,1117.0,4.78,1.97,30.11,,,,30.11,2,利確+3%,2,30.11
2026-03-25,2026-03-24,4169,ＥＮＥＣＨＡＮＧＥ,7.42,4.27,PASS,254.0,277.0,9.06,S,1,NORMAL,278.0,9.45,9.06,-0.39,,,,9.06,1,利確+3%,1,9.06
2026-03-25,2026-03-24,8281,ゼビオホールディングス,7.23,3.7,PASS,1012.0,1016.0,0.4,FLAT,0,NORMAL,1016.0,0.4,0.4,0.1,,,,0.4,1,引け(day2),2,0.1
2026-03-25,2026-03-24,6378,木村化工機,7.21,3.63,PASS,1785.0,1861.0,4.26,A,0,NORMAL,1917.0,7.39,4.26,-6.67,,,,4.26,1,利確+3%,1,4.26
2026-03-25,2026-03-24,8707,岩井コスモホールディングス,7.12,3.35,PASS,3765.0,3760.0,-0.13,FLAT,0,NORMAL,3800.0,0.93,-0.13,-0.4,,,,-0.13,1,引け(day2),2,-0.4
2026-03-25,2026-03-24,410A,ＧＭＯコマース,7.02,3.06,PASS,1127.0,1116.0,-0.98,B,0,NORMAL,1179.0,4.61,-0.98,-0.98,,,,-0.98,1,引け(day2),2,-0.98
2026-03-25,2026-03-24,5253,カバー,7.0,3.01,PASS,1425.0,1471.0,3.23,B,0,NORMAL,1477.0,3.65,3.23,-2.11,,,,3.23,1,利確+3%,1,3.23
2026-03-26,2026-03-25,7066,ピアズ,10.0,14.21,CAUTION,525.0,496.0,-5.52,FLAT,0,NORMAL,525.0,0.0,-5.52,,,,,-5.52,1,損切り-5%,1,-5.52
2026-03-26,2026-03-25,9235,売れるネット広告社グループ,9.59,10.77,BUY,683.0,752.0,10.1,S,1,NORMAL,848.0,24.16,10.1,,,,,10.1,1,利確+3%,1,10.1
2026-03-26,2026-03-25,6836,ぷらっとホーム,8.23,6.68,BUY,1031.0,1077.0,4.46,A,0,NORMAL,1220.0,18.33,4.46,,,,,4.46,1,利確+3%,1,4.46
2026-03-26,2026-03-25,9535,広島ガス,8.19,6.57,BUY,410.0,405.0,-1.22,FLAT,0,NORMAL,410.0,0.0,-1.22,,,,,-1.22,1,引け(day1),1,-1.22
2026-03-26,2026-03-25,9229,サンウェルズ,7.64,4.93,BUY,250.0,270.0,8.0,S,1,NORMAL,276.0,10.4,8.0,,,,,8.0,1,利確+3%,1,8.0
2026-03-26,2026-03-25,410A,ＧＭＯコマース,7.46,4.39,PASS,1117.0,1116.0,-0.09,B,0,NORMAL,1140.0,2.06,-0.09,,,,,-0.09,1,引け(day1),1,-0.09
2026-03-26,2026-03-25,7105,三菱ロジスネクスト,7.31,5.5,PASS,1526.0,1548.0,1.44,FLAT,0,NORMAL,1548.0,1.44,1.44,,,,,1.44,1,引け(day1),1,1.44
2026-03-26,2026-03-25,8708,アイザワ証券グループ,7.26,3.77,PASS,1514.0,1507.0,-0.46,FLAT,0,NORMAL,1515.0,0.07,-0.46,,,,,-0.46,1,引け(day1),1,-0.46
2026-03-26,2026-03-25,4097,高圧ガス工業,7.19,3.57,PASS,1122.0,1116.0,-0.53,FLAT,0,NORMAL,1122.0,0.0,-0.53,,,,,-0.53,1,引け(day1),1,-0.53
2026-03-26,2026-03-25,8844,コスモスイニシア,7.16,3.68,PASS,1198.0,1167.0,-2.59,FLAT,0,NORMAL,1198.0,0.0,-2.59,,,,,-2.59,1,引け(day1),1,-2.59
2026-03-26,2026-03-25,3077,ホリイフードサービス,7.09,3.28,PASS,619.0,622.0,0.48,B,0,NORMAL,638.0,3.07,0.48,,,,,0.48,1,引け(day1),1,0.48
2026-03-26,2026-03-25,7613,シークス,6.98,4.51,PASS,1216.0,1227.0,0.9,FLAT,0,NORMAL,1229.0,1.07,0.9,,,,,0.9,1,引け(day1),1,0.9
2026-03-26,2026-03-25,8835,太平洋興発,6.95,2.84,PASS,948.0,1012.0,6.75,S,1,NORMAL,1028.0,8.44,6.75,,,,,6.75,1,利確+3%,1,6.75
2026-03-26,2026-03-25,4896,ケイファーマ,6.9,2.71,PASS,805.0,791.0,-1.74,B,0,NORMAL,822.0,2.11,-1.74,,,,,-1.74,1,引け(day1),1,-1.74
2026-03-26,2026-03-25,3839,ＯＤＫソリューションズ,6.9,3.82,PASS,640.0,630.0,-1.56,FLAT,0,NORMAL,644.0,0.62,-1.56,,,,,-1.56,1,引け(day1),1,-1.56
2026-03-26,2026-03-25,2195,アミタホールディングス,6.88,4.56,PASS,365.0,441.0,20.82,S,1,NORMAL,441.0,20.82,20.82,,,,,20.82,1,利確+3%,1,20.82
2026-03-26,2026-03-25,4673,川崎地質,6.65,2.19,PASS,5600.0,5300.0,-5.36,A,0,NORMAL,5950.0,6.25,-5.36,,,,,-5.36,1,損切り-5%,1,-5.36
2026-03-26,2026-03-25,479A,ＰＲＯＮＩ,6.58,2.3,PASS,1329.0,1319.0,-0.75,FLAT,0,NORMAL,1348.0,1.43,-0.75,,,,,-0.75,1,引け(day1),1,-0.75
2026-03-26,2026-03-25,3810,サイバーステップホールディングス,6.35,1.66,PASS,264.0,264.0,0.0,B,0,NORMAL,275.0,4.17,0.0,,,,,0.0,1,引け(day1),1,0.0
2026-03-26,2026-03-25,7092,Ｆａｓｔ　Ｆｉｔｎｅｓｓ　Ｊａｐａｎ,6.33,0.98,PASS,2302.0,2302.0,0.0,FLAT,0,NORMAL,2303.0,0.04,0.0,,,,,0.0,1,引け(day1),1,0.0
