date,code,name,condition,judgment,score,time,price,change_pct,volume,momentum
2026-03-31,4167,ココペリ,WEAK,CAUTION,10.0,09:00:03,332.0,-7.52,0,→
2026-03-31,4167,ココペリ,WEAK,CAUTION,10.0,09:00:21,332.0,-7.52,0,→
2026-03-31,4167,ココペリ,WEAK,CAUTION,10.0,09:00:39,332.0,-7.52,0,→
2026-03-31,4167,ココペリ,WEAK,CAUTION,10.0,09:00:57,332.0,-7.52,0,→
2026-03-31,4167,ココペリ,WEAK,CAUTION,10.0,09:01:15,332.0,-7.52,0,→
2026-03-31,4167,ココペリ,WEAK,CAUTION,10.0,09:01:33,332.0,-7.52,0,→
2026-03-31,4167,ココペリ,WEAK,CAUTION,10.0,09:01:51,332.0,-7.52,0,→
2026-03-31,4167,ココペリ,WEAK,CAUTION,10.0,09:02:09,332.0,-7.52,0,→
2026-03-31,4167,ココペリ,WEAK,CAUTION,10.0,09:02:27,332.0,-7.52,0,→
2026-03-31,4167,ココペリ,WEAK,CAUTION,10.0,09:02:45,332.0,-7.52,0,→
2026-03-31,4167,ココペリ,WEAK,CAUTION,10.0,09:03:03,332.0,-7.52,0,→
2026-03-31,4167,ココペリ,WEAK,CAUTION,10.0,09:03:21,332.0,-7.52,0,→
2026-03-31,4167,ココペリ,WEAK,CAUTION,10.0,09:03:39,332.0,-7.52,0,→
2026-03-31,4167,ココペリ,WEAK,CAUTION,10.0,09:03:57,332.0,-7.52,0,→
2026-03-31,4167,ココペリ,WEAK,CAUTION,10.0,09:04:15,332.0,-7.52,0,→
2026-03-31,4167,ココペリ,WEAK,CAUTION,10.0,09:04:33,332.0,-7.52,0,→
2026-03-31,4167,ココペリ,WEAK,CAUTION,10.0,09:04:51,332.0,-7.52,0,→
2026-03-31,4167,ココペリ,WEAK,CAUTION,10.0,09:05:09,332.0,-7.52,0,→
2026-03-31,4167,ココペリ,WEAK,CAUTION,10.0,09:05:26,332.0,-7.52,0,→
2026-03-31,4167,ココペリ,WEAK,CAUTION,10.0,09:05:44,332.0,-7.52,0,→
2026-03-31,4167,ココペリ,WEAK,CAUTION,10.0,09:06:02,332.0,-7.52,0,→
2026-03-31,4167,ココペリ,WEAK,CAUTION,10.0,09:06:20,332.0,-7.52,0,→
2026-03-31,4167,ココペリ,WEAK,CAUTION,10.0,09:06:38,332.0,-7.52,0,→
2026-03-31,4167,ココペリ,WEAK,CAUTION,10.0,09:06:56,332.0,-7.52,0,→
2026-03-31,4167,ココペリ,WEAK,CAUTION,10.0,09:07:14,332.0,-7.52,0,→
2026-03-31,4167,ココペリ,WEAK,CAUTION,10.0,09:07:32,332.0,-7.52,0,→
2026-03-31,4167,ココペリ,WEAK,CAUTION,10.0,09:07:50,332.0,-7.52,0,→
2026-03-31,4167,ココペリ,WEAK,CAUTION,10.0,09:08:08,332.0,-7.52,0,→
2026-03-31,4167,ココペリ,WEAK,CAUTION,10.0,09:08:26,332.0,-7.52,0,→
2026-03-31,4167,ココペリ,WEAK,CAUTION,10.0,09:08:44,332.0,-7.52,0,→
2026-03-31,4167,ココペリ,WEAK,CAUTION,10.0,09:09:02,332.0,-7.52,0,→
2026-03-31,4167,ココペリ,WEAK,CAUTION,10.0,09:09:19,332.0,-7.52,0,→
2026-03-31,4167,ココペリ,WEAK,CAUTION,10.0,09:09:37,332.0,-7.52,0,→
2026-03-31,4167,ココペリ,WEAK,CAUTION,10.0,09:09:55,332.0,-7.52,0,→
2026-03-31,4167,ココペリ,WEAK,CAUTION,10.0,09:10:13,332.0,-7.52,0,→
2026-03-31,4167,ココペリ,WEAK,CAUTION,10.0,09:10:31,332.0,-7.52,0,→
2026-03-31,4167,ココペリ,WEAK,CAUTION,10.0,09:10:49,332.0,-7.52,0,→
2026-03-31,4167,ココペリ,WEAK,CAUTION,10.0,09:11:07,332.0,-7.52,0,→
2026-03-31,4167,ココペリ,WEAK,CAUTION,10.0,09:11:26,332.0,-7.52,0,→
2026-03-31,4167,ココペリ,WEAK,CAUTION,10.0,09:11:44,332.0,-7.52,0,→
2026-03-31,4167,ココペリ,WEAK,CAUTION,10.0,09:12:02,332.0,-7.52,0,→
2026-03-31,4167,ココペリ,WEAK,CAUTION,10.0,09:12:20,332.0,-7.52,0,→
2026-03-31,4167,ココペリ,WEAK,CAUTION,10.0,09:12:38,332.0,-7.52,0,→
2026-03-31,4167,ココペリ,WEAK,CAUTION,10.0,09:12:56,332.0,-7.52,0,→
2026-03-31,4167,ココペリ,WEAK,CAUTION,10.0,09:13:14,332.0,-7.52,0,→
2026-03-31,4167,ココペリ,WEAK,CAUTION,10.0,09:13:31,332.0,-7.52,0,→
2026-03-31,4167,ココペリ,WEAK,CAUTION,10.0,09:13:49,332.0,-7.52,0,→
2026-03-31,4167,ココペリ,WEAK,CAUTION,10.0,09:14:07,332.0,-7.52,0,→
2026-03-31,4167,ココペリ,WEAK,CAUTION,10.0,09:14:26,332.0,-7.52,0,→
2026-03-31,4167,ココペリ,WEAK,CAUTION,10.0,09:14:44,332.0,-7.52,0,→
2026-03-31,4167,ココペリ,WEAK,CAUTION,10.0,09:15:02,332.0,-7.52,0,→
2026-03-31,4167,ココペリ,WEAK,CAUTION,10.0,09:15:20,332.0,-7.52,0,→
2026-03-31,4167,ココペリ,WEAK,CAUTION,10.0,09:15:38,332.0,-7.52,0,→
2026-03-31,4167,ココペリ,WEAK,CAUTION,10.0,09:15:56,332.0,-7.52,0,→
2026-03-31,4167,ココペリ,WEAK,CAUTION,10.0,09:16:14,332.0,-7.52,0,→
2026-03-31,4167,ココペリ,WEAK,CAUTION,10.0,09:16:32,332.0,-7.52,0,→
2026-03-31,4167,ココペリ,WEAK,CAUTION,10.0,09:16:50,332.0,-7.52,0,→
2026-03-31,4167,ココペリ,WEAK,CAUTION,10.0,09:17:08,332.0,-7.52,0,→
2026-03-31,4167,ココペリ,WEAK,CAUTION,10.0,09:17:26,332.0,-7.52,0,→
2026-03-31,4167,ココペリ,WEAK,CAUTION,10.0,09:17:44,332.0,-7.52,0,→
2026-03-31,4167,ココペリ,WEAK,CAUTION,10.0,09:18:02,332.0,-7.52,0,→
2026-03-31,4167,ココペリ,WEAK,CAUTION,10.0,09:18:20,332.0,-7.52,0,→
2026-03-31,4167,ココペリ,WEAK,CAUTION,10.0,09:18:38,332.0,-7.52,0,→
2026-03-31,4167,ココペリ,WEAK,CAUTION,10.0,09:18:56,332.0,-7.52,0,→
2026-03-31,4167,ココペリ,WEAK,CAUTION,10.0,09:19:14,332.0,-7.52,0,→
2026-03-31,4167,ココペリ,WEAK,CAUTION,10.0,09:19:32,332.0,-7.52,0,→
2026-03-31,4167,ココペリ,WEAK,CAUTION,10.0,09:19:50,332.0,-7.52,0,→
2026-03-31,4167,ココペリ,WEAK,CAUTION,10.0,09:20:08,348.0,4.82,0,↑↑
2026-03-31,4167,ココペリ,WEAK,CAUTION,10.0,09:20:25,344.0,3.61,0,↓↓
2026-03-31,4167,ココペリ,WEAK,CAUTION,10.0,09:20:43,350.0,5.42,0,↑↑
2026-03-31,4167,ココペリ,WEAK,CAUTION,10.0,09:21:01,353.0,6.33,0,↑↑
2026-03-31,4167,ココペリ,WEAK,CAUTION,10.0,09:21:20,353.0,6.33,0,→
2026-03-31,4167,ココペリ,WEAK,CAUTION,10.0,09:21:38,355.0,6.93,0,↑↑
2026-03-31,4167,ココペリ,WEAK,CAUTION,10.0,09:21:56,355.0,6.93,0,→
2026-03-31,4167,ココペリ,WEAK,CAUTION,10.0,09:22:14,362.0,9.04,17700,↑↑
2026-03-31,4167,ココペリ,WEAK,CAUTION,10.0,09:22:32,363.0,9.34,17700,↑↑
2026-03-31,4167,ココペリ,WEAK,CAUTION,10.0,09:22:49,370.0,11.45,17700,↑↑
2026-03-31,4167,ココペリ,WEAK,CAUTION,10.0,09:23:07,369.0,11.14,70900,↓↓
2026-03-31,4167,ココペリ,WEAK,CAUTION,10.0,09:23:26,371.0,11.75,70900,↑↑
2026-03-31,4167,ココペリ,WEAK,CAUTION,10.0,09:23:43,368.0,10.84,70900,↓↓
2026-03-31,4167,ココペリ,WEAK,CAUTION,10.0,09:24:01,367.0,10.54,102000,↓↓
2026-03-31,4167,ココペリ,WEAK,CAUTION,10.0,09:24:19,371.0,11.75,102000,↑↑
2026-03-31,4167,ココペリ,WEAK,CAUTION,10.0,09:24:37,374.0,12.65,102000,↑↑
2026-03-31,4167,ココペリ,WEAK,CAUTION,10.0,09:24:55,374.0,12.65,102000,→
2026-03-31,4167,ココペリ,WEAK,CAUTION,10.0,09:25:13,367.0,10.54,132700,↓↓
2026-03-31,4167,ココペリ,WEAK,CAUTION,10.0,09:25:31,364.0,9.64,132700,↓↓
2026-03-31,4167,ココペリ,WEAK,CAUTION,10.0,09:25:49,358.0,7.83,132700,↓↓
2026-03-31,4167,ココペリ,WEAK,CAUTION,10.0,09:26:07,355.0,6.93,162300,↓↓
2026-03-31,4167,ココペリ,WEAK,CAUTION,10.0,09:26:25,361.0,8.73,162300,↑↑
2026-03-31,4167,ココペリ,WEAK,CAUTION,10.0,09:26:43,359.0,8.13,162300,↓↓
2026-03-31,4167,ココペリ,WEAK,CAUTION,10.0,09:27:02,356.0,7.23,162300,↓↓
2026-03-31,4167,ココペリ,WEAK,CAUTION,10.0,09:27:19,362.0,9.04,174900,↑↑
2026-03-31,4167,ココペリ,WEAK,CAUTION,10.0,09:27:37,354.0,6.63,174900,↓↓
2026-03-31,4167,ココペリ,WEAK,CAUTION,10.0,09:27:55,348.0,4.82,174900,↓↓
2026-03-31,4167,ココペリ,WEAK,CAUTION,10.0,09:28:13,353.0,6.33,198700,↑↑
2026-03-31,4167,ココペリ,WEAK,CAUTION,10.0,09:28:31,357.0,7.53,198700,↑↑
2026-03-31,4167,ココペリ,WEAK,CAUTION,10.0,09:28:49,353.0,6.33,198700,↓↓
2026-03-31,4167,ココペリ,WEAK,CAUTION,10.0,09:29:07,352.0,6.02,198700,↓↓
2026-03-31,4167,ココペリ,WEAK,CAUTION,10.0,09:29:25,347.0,4.52,203300,↓↓
2026-03-31,4167,ココペリ,WEAK,CAUTION,10.0,09:29:43,345.0,3.92,203300,↓↓
2026-03-31,4840,トライアイズ,WEAK,CAUTION,9.98,09:00:03,588.0,-4.7,0,→
2026-03-31,4840,トライアイズ,WEAK,CAUTION,9.98,09:00:21,588.0,-4.7,0,→
2026-03-31,4840,トライアイズ,WEAK,CAUTION,9.98,09:00:39,588.0,-4.7,0,→
2026-03-31,4840,トライアイズ,WEAK,CAUTION,9.98,09:00:57,588.0,-4.7,0,→
2026-03-31,4840,トライアイズ,WEAK,CAUTION,9.98,09:01:15,588.0,-4.7,0,→
2026-03-31,4840,トライアイズ,WEAK,CAUTION,9.98,09:01:33,588.0,-4.7,0,→
2026-03-31,4840,トライアイズ,WEAK,CAUTION,9.98,09:01:51,588.0,-4.7,0,→
2026-03-31,4840,トライアイズ,WEAK,CAUTION,9.98,09:02:09,588.0,-4.7,0,→
2026-03-31,4840,トライアイズ,WEAK,CAUTION,9.98,09:02:27,588.0,-4.7,0,→
2026-03-31,4840,トライアイズ,WEAK,CAUTION,9.98,09:02:45,588.0,-4.7,0,→
2026-03-31,4840,トライアイズ,WEAK,CAUTION,9.98,09:03:03,588.0,-4.7,0,→
2026-03-31,4840,トライアイズ,WEAK,CAUTION,9.98,09:03:21,588.0,-4.7,0,→
2026-03-31,4840,トライアイズ,WEAK,CAUTION,9.98,09:03:39,588.0,-4.7,0,→
2026-03-31,4840,トライアイズ,WEAK,CAUTION,9.98,09:03:57,588.0,-4.7,0,→
2026-03-31,4840,トライアイズ,WEAK,CAUTION,9.98,09:04:15,588.0,-4.7,0,→
2026-03-31,4840,トライアイズ,WEAK,CAUTION,9.98,09:04:33,588.0,-4.7,0,→
2026-03-31,4840,トライアイズ,WEAK,CAUTION,9.98,09:04:51,588.0,-4.7,0,→
2026-03-31,4840,トライアイズ,WEAK,CAUTION,9.98,09:05:09,588.0,-4.7,0,→
2026-03-31,4840,トライアイズ,WEAK,CAUTION,9.98,09:05:26,588.0,-4.7,0,→
2026-03-31,4840,トライアイズ,WEAK,CAUTION,9.98,09:05:44,588.0,-4.7,0,→
2026-03-31,4840,トライアイズ,WEAK,CAUTION,9.98,09:06:02,588.0,-4.7,0,→
2026-03-31,4840,トライアイズ,WEAK,CAUTION,9.98,09:06:20,588.0,-4.7,0,→
2026-03-31,4840,トライアイズ,WEAK,CAUTION,9.98,09:06:38,588.0,-4.7,0,→
2026-03-31,4840,トライアイズ,WEAK,CAUTION,9.98,09:06:56,588.0,-4.7,0,→
2026-03-31,4840,トライアイズ,WEAK,CAUTION,9.98,09:07:14,588.0,-4.7,0,→
2026-03-31,4840,トライアイズ,WEAK,CAUTION,9.98,09:07:32,588.0,-4.7,0,→
2026-03-31,4840,トライアイズ,WEAK,CAUTION,9.98,09:07:50,588.0,-4.7,0,→
2026-03-31,4840,トライアイズ,WEAK,CAUTION,9.98,09:08:08,588.0,-4.7,0,→
2026-03-31,4840,トライアイズ,WEAK,CAUTION,9.98,09:08:26,588.0,-4.7,0,→
2026-03-31,4840,トライアイズ,WEAK,CAUTION,9.98,09:08:44,588.0,-4.7,0,→
2026-03-31,4840,トライアイズ,WEAK,CAUTION,9.98,09:09:02,588.0,-4.7,0,→
2026-03-31,4840,トライアイズ,WEAK,CAUTION,9.98,09:09:19,588.0,-4.7,0,→
2026-03-31,4840,トライアイズ,WEAK,CAUTION,9.98,09:09:37,588.0,-4.7,0,→
2026-03-31,4840,トライアイズ,WEAK,CAUTION,9.98,09:09:55,588.0,-4.7,0,→
2026-03-31,4840,トライアイズ,WEAK,CAUTION,9.98,09:10:13,588.0,-4.7,0,→
2026-03-31,4840,トライアイズ,WEAK,CAUTION,9.98,09:10:31,588.0,-4.7,0,→
2026-03-31,4840,トライアイズ,WEAK,CAUTION,9.98,09:10:49,588.0,-4.7,0,→
2026-03-31,4840,トライアイズ,WEAK,CAUTION,9.98,09:11:07,588.0,-4.7,0,→
2026-03-31,4840,トライアイズ,WEAK,CAUTION,9.98,09:11:26,588.0,-4.7,0,→
2026-03-31,4840,トライアイズ,WEAK,CAUTION,9.98,09:11:44,588.0,-4.7,0,→
2026-03-31,4840,トライアイズ,WEAK,CAUTION,9.98,09:12:02,588.0,-4.7,0,→
2026-03-31,4840,トライアイズ,WEAK,CAUTION,9.98,09:12:20,588.0,-4.7,0,→
2026-03-31,4840,トライアイズ,WEAK,CAUTION,9.98,09:12:38,588.0,-4.7,0,→
2026-03-31,4840,トライアイズ,WEAK,CAUTION,9.98,09:12:56,588.0,-4.7,0,→
2026-03-31,4840,トライアイズ,WEAK,CAUTION,9.98,09:13:14,588.0,-4.7,0,→
2026-03-31,4840,トライアイズ,WEAK,CAUTION,9.98,09:13:31,588.0,-4.7,0,→
2026-03-31,4840,トライアイズ,WEAK,CAUTION,9.98,09:13:49,588.0,-4.7,0,→
2026-03-31,4840,トライアイズ,WEAK,CAUTION,9.98,09:14:07,588.0,-4.7,0,→
2026-03-31,4840,トライアイズ,WEAK,CAUTION,9.98,09:14:26,588.0,-4.7,0,→
2026-03-31,4840,トライアイズ,WEAK,CAUTION,9.98,09:14:44,588.0,-4.7,0,→
2026-03-31,4840,トライアイズ,WEAK,CAUTION,9.98,09:15:02,588.0,-4.7,0,→
2026-03-31,4840,トライアイズ,WEAK,CAUTION,9.98,09:15:20,588.0,-4.7,0,→
2026-03-31,4840,トライアイズ,WEAK,CAUTION,9.98,09:15:38,588.0,-4.7,0,→
2026-03-31,4840,トライアイズ,WEAK,CAUTION,9.98,09:15:56,588.0,-4.7,0,→
2026-03-31,4840,トライアイズ,WEAK,CAUTION,9.98,09:16:14,588.0,-4.7,0,→
2026-03-31,4840,トライアイズ,WEAK,CAUTION,9.98,09:16:32,588.0,-4.7,0,→
2026-03-31,4840,トライアイズ,WEAK,CAUTION,9.98,09:16:50,588.0,-4.7,0,→
2026-03-31,4840,トライアイズ,WEAK,CAUTION,9.98,09:17:08,588.0,-4.7,0,→
2026-03-31,4840,トライアイズ,WEAK,CAUTION,9.98,09:17:26,588.0,-4.7,0,→
2026-03-31,4840,トライアイズ,WEAK,CAUTION,9.98,09:17:44,588.0,-4.7,0,→
2026-03-31,4840,トライアイズ,WEAK,CAUTION,9.98,09:18:02,588.0,-4.7,0,→
2026-03-31,4840,トライアイズ,WEAK,CAUTION,9.98,09:18:20,588.0,-4.7,0,→
2026-03-31,4840,トライアイズ,WEAK,CAUTION,9.98,09:18:38,588.0,-4.7,0,→
2026-03-31,4840,トライアイズ,WEAK,CAUTION,9.98,09:18:56,588.0,-4.7,0,→
2026-03-31,4840,トライアイズ,WEAK,CAUTION,9.98,09:19:14,588.0,-4.7,0,→
2026-03-31,4840,トライアイズ,WEAK,CAUTION,9.98,09:19:32,588.0,-4.7,0,→
2026-03-31,4840,トライアイズ,WEAK,CAUTION,9.98,09:19:50,588.0,-4.7,0,→
2026-03-31,4840,トライアイズ,WEAK,CAUTION,9.98,09:20:08,588.0,-4.7,0,→
2026-03-31,4840,トライアイズ,WEAK,CAUTION,9.98,09:20:25,588.0,-4.7,0,→
2026-03-31,4840,トライアイズ,WEAK,CAUTION,9.98,09:20:43,588.0,-4.7,0,→
2026-03-31,4840,トライアイズ,WEAK,CAUTION,9.98,09:21:01,588.0,-4.7,0,→
2026-03-31,4840,トライアイズ,WEAK,CAUTION,9.98,09:21:20,588.0,-4.7,0,→
2026-03-31,4840,トライアイズ,WEAK,CAUTION,9.98,09:21:38,588.0,-4.7,0,→
2026-03-31,4840,トライアイズ,WEAK,CAUTION,9.98,09:21:56,588.0,-4.7,0,→
2026-03-31,4840,トライアイズ,WEAK,CAUTION,9.98,09:22:14,588.0,0.0,0,→
2026-03-31,4840,トライアイズ,WEAK,CAUTION,9.98,09:22:32,588.0,0.0,0,→
2026-03-31,4840,トライアイズ,WEAK,CAUTION,9.98,09:22:49,588.0,0.0,0,→
2026-03-31,4840,トライアイズ,WEAK,CAUTION,9.98,09:23:07,588.0,0.0,0,→
2026-03-31,4840,トライアイズ,WEAK,CAUTION,9.98,09:23:26,588.0,0.0,0,→
2026-03-31,4840,トライアイズ,WEAK,CAUTION,9.98,09:23:43,588.0,0.0,0,→
2026-03-31,4840,トライアイズ,WEAK,CAUTION,9.98,09:24:01,588.0,0.0,0,→
2026-03-31,4840,トライアイズ,WEAK,CAUTION,9.98,09:24:19,588.0,0.0,0,→
2026-03-31,4840,トライアイズ,WEAK,CAUTION,9.98,09:24:37,588.0,0.0,0,→
2026-03-31,4840,トライアイズ,WEAK,CAUTION,9.98,09:24:55,588.0,0.0,0,→
2026-03-31,4840,トライアイズ,WEAK,CAUTION,9.98,09:25:13,626.0,6.46,0,↑↑
2026-03-31,4840,トライアイズ,WEAK,CAUTION,9.98,09:25:31,626.0,6.46,0,→
2026-03-31,4840,トライアイズ,WEAK,CAUTION,9.98,09:25:49,648.0,10.2,0,↑↑
2026-03-31,4840,トライアイズ,WEAK,CAUTION,9.98,09:26:07,648.0,10.2,0,→
2026-03-31,4840,トライアイズ,WEAK,CAUTION,9.98,09:26:25,648.0,10.2,0,→
2026-03-31,4840,トライアイズ,WEAK,CAUTION,9.98,09:26:43,648.0,10.2,0,→
2026-03-31,4840,トライアイズ,WEAK,CAUTION,9.98,09:27:02,660.0,12.24,50500,↑↑
2026-03-31,4840,トライアイズ,WEAK,CAUTION,9.98,09:27:19,654.0,11.22,50500,↓↓
2026-03-31,4840,トライアイズ,WEAK,CAUTION,9.98,09:27:37,644.0,9.52,50500,↓↓
2026-03-31,4840,トライアイズ,WEAK,CAUTION,9.98,09:27:55,638.0,8.5,50500,↓↓
2026-03-31,4840,トライアイズ,WEAK,CAUTION,9.98,09:28:13,648.0,10.2,81800,↑↑
2026-03-31,4840,トライアイズ,WEAK,CAUTION,9.98,09:28:31,644.0,9.52,81800,↓↓
2026-03-31,4840,トライアイズ,WEAK,CAUTION,9.98,09:28:49,642.0,9.18,81800,↓↓
2026-03-31,4840,トライアイズ,WEAK,CAUTION,9.98,09:29:07,631.0,7.31,95200,↓↓
2026-03-31,4840,トライアイズ,WEAK,CAUTION,9.98,09:29:25,620.0,5.44,95200,↓↓
2026-03-31,4840,トライアイズ,WEAK,CAUTION,9.98,09:29:43,629.0,6.97,95200,↑↑
2026-03-31,8835,太平洋興発,WEAK,CAUTION,9.92,09:00:03,1262.0,18.83,0,→
2026-03-31,8835,太平洋興発,WEAK,CAUTION,9.92,09:00:21,1262.0,18.83,0,→
2026-03-31,8835,太平洋興発,WEAK,CAUTION,9.92,09:00:39,1262.0,18.83,0,→
2026-03-31,8835,太平洋興発,WEAK,CAUTION,9.92,09:00:57,1262.0,18.83,0,→
2026-03-31,8835,太平洋興発,WEAK,CAUTION,9.92,09:01:15,1262.0,18.83,0,→
2026-03-31,8835,太平洋興発,WEAK,CAUTION,9.92,09:01:33,1262.0,18.83,0,→
2026-03-31,8835,太平洋興発,WEAK,CAUTION,9.92,09:01:51,1262.0,18.83,0,→
2026-03-31,8835,太平洋興発,WEAK,CAUTION,9.92,09:02:09,1262.0,18.83,0,→
2026-03-31,8835,太平洋興発,WEAK,CAUTION,9.92,09:02:27,1262.0,18.83,0,→
2026-03-31,8835,太平洋興発,WEAK,CAUTION,9.92,09:02:45,1262.0,18.83,0,→
2026-03-31,8835,太平洋興発,WEAK,CAUTION,9.92,09:03:03,1262.0,18.83,0,→
2026-03-31,8835,太平洋興発,WEAK,CAUTION,9.92,09:03:21,1262.0,18.83,0,→
2026-03-31,8835,太平洋興発,WEAK,CAUTION,9.92,09:03:39,1262.0,18.83,0,→
2026-03-31,8835,太平洋興発,WEAK,CAUTION,9.92,09:03:57,1262.0,18.83,0,→
2026-03-31,8835,太平洋興発,WEAK,CAUTION,9.92,09:04:15,1262.0,18.83,0,→
2026-03-31,8835,太平洋興発,WEAK,CAUTION,9.92,09:04:33,1262.0,18.83,0,→
2026-03-31,8835,太平洋興発,WEAK,CAUTION,9.92,09:04:51,1262.0,18.83,0,→
2026-03-31,8835,太平洋興発,WEAK,CAUTION,9.92,09:05:09,1262.0,18.83,0,→
2026-03-31,8835,太平洋興発,WEAK,CAUTION,9.92,09:05:26,1262.0,18.83,0,→
2026-03-31,8835,太平洋興発,WEAK,CAUTION,9.92,09:05:44,1262.0,18.83,0,→
2026-03-31,8835,太平洋興発,WEAK,CAUTION,9.92,09:06:02,1262.0,18.83,0,→
2026-03-31,8835,太平洋興発,WEAK,CAUTION,9.92,09:06:20,1262.0,18.83,0,→
2026-03-31,8835,太平洋興発,WEAK,CAUTION,9.92,09:06:38,1262.0,18.83,0,→
2026-03-31,8835,太平洋興発,WEAK,CAUTION,9.92,09:06:56,1262.0,18.83,0,→
2026-03-31,8835,太平洋興発,WEAK,CAUTION,9.92,09:07:14,1262.0,18.83,0,→
2026-03-31,8835,太平洋興発,WEAK,CAUTION,9.92,09:07:32,1262.0,18.83,0,→
2026-03-31,8835,太平洋興発,WEAK,CAUTION,9.92,09:07:50,1262.0,18.83,0,→
2026-03-31,8835,太平洋興発,WEAK,CAUTION,9.92,09:08:08,1262.0,18.83,0,→
2026-03-31,8835,太平洋興発,WEAK,CAUTION,9.92,09:08:26,1262.0,18.83,0,→
2026-03-31,8835,太平洋興発,WEAK,CAUTION,9.92,09:08:44,1262.0,18.83,0,→
2026-03-31,8835,太平洋興発,WEAK,CAUTION,9.92,09:09:02,1262.0,18.83,0,→
2026-03-31,8835,太平洋興発,WEAK,CAUTION,9.92,09:09:19,1262.0,18.83,0,→
2026-03-31,8835,太平洋興発,WEAK,CAUTION,9.92,09:09:37,1262.0,18.83,0,→
2026-03-31,8835,太平洋興発,WEAK,CAUTION,9.92,09:09:55,1262.0,18.83,0,→
2026-03-31,8835,太平洋興発,WEAK,CAUTION,9.92,09:10:13,1262.0,18.83,0,→
2026-03-31,8835,太平洋興発,WEAK,CAUTION,9.92,09:10:31,1262.0,18.83,0,→
2026-03-31,8835,太平洋興発,WEAK,CAUTION,9.92,09:10:49,1262.0,18.83,0,→
2026-03-31,8835,太平洋興発,WEAK,CAUTION,9.92,09:11:07,1262.0,18.83,0,→
2026-03-31,8835,太平洋興発,WEAK,CAUTION,9.92,09:11:26,1262.0,18.83,0,→
2026-03-31,8835,太平洋興発,WEAK,CAUTION,9.92,09:11:44,1262.0,18.83,0,→
2026-03-31,8835,太平洋興発,WEAK,CAUTION,9.92,09:12:02,1262.0,18.83,0,→
2026-03-31,8835,太平洋興発,WEAK,CAUTION,9.92,09:12:20,1262.0,18.83,0,→
2026-03-31,8835,太平洋興発,WEAK,CAUTION,9.92,09:12:38,1262.0,18.83,0,→
2026-03-31,8835,太平洋興発,WEAK,CAUTION,9.92,09:12:56,1262.0,18.83,0,→
2026-03-31,8835,太平洋興発,WEAK,CAUTION,9.92,09:13:14,1262.0,18.83,0,→
2026-03-31,8835,太平洋興発,WEAK,CAUTION,9.92,09:13:31,1262.0,18.83,0,→
2026-03-31,8835,太平洋興発,WEAK,CAUTION,9.92,09:13:49,1262.0,18.83,0,→
2026-03-31,8835,太平洋興発,WEAK,CAUTION,9.92,09:14:07,1262.0,18.83,0,→
2026-03-31,8835,太平洋興発,WEAK,CAUTION,9.92,09:14:26,1262.0,18.83,0,→
2026-03-31,8835,太平洋興発,WEAK,CAUTION,9.92,09:14:44,1262.0,18.83,0,→
2026-03-31,8835,太平洋興発,WEAK,CAUTION,9.92,09:15:02,1262.0,18.83,0,→
2026-03-31,8835,太平洋興発,WEAK,CAUTION,9.92,09:15:20,1262.0,18.83,0,→
2026-03-31,8835,太平洋興発,WEAK,CAUTION,9.92,09:15:38,1262.0,18.83,0,→
2026-03-31,8835,太平洋興発,WEAK,CAUTION,9.92,09:15:56,1262.0,18.83,0,→
2026-03-31,8835,太平洋興発,WEAK,CAUTION,9.92,09:16:14,1262.0,18.83,0,→
2026-03-31,8835,太平洋興発,WEAK,CAUTION,9.92,09:16:32,1262.0,18.83,0,→
2026-03-31,8835,太平洋興発,WEAK,CAUTION,9.92,09:16:50,1262.0,18.83,0,→
2026-03-31,8835,太平洋興発,WEAK,CAUTION,9.92,09:17:08,1262.0,18.83,0,→
2026-03-31,8835,太平洋興発,WEAK,CAUTION,9.92,09:17:26,1262.0,18.83,0,→
2026-03-31,8835,太平洋興発,WEAK,CAUTION,9.92,09:17:44,1262.0,18.83,0,→
2026-03-31,8835,太平洋興発,WEAK,CAUTION,9.92,09:18:02,1262.0,18.83,0,→
2026-03-31,8835,太平洋興発,WEAK,CAUTION,9.92,09:18:20,1262.0,18.83,0,→
2026-03-31,8835,太平洋興発,WEAK,CAUTION,9.92,09:18:38,1262.0,18.83,0,→
2026-03-31,8835,太平洋興発,WEAK,CAUTION,9.92,09:18:56,1262.0,18.83,0,→
2026-03-31,8835,太平洋興発,WEAK,CAUTION,9.92,09:19:14,1262.0,18.83,0,→
2026-03-31,8835,太平洋興発,WEAK,CAUTION,9.92,09:19:32,1262.0,18.83,0,→
2026-03-31,8835,太平洋興発,WEAK,CAUTION,9.92,09:19:50,1262.0,18.83,0,→
2026-03-31,8835,太平洋興発,WEAK,CAUTION,9.92,09:20:08,1402.0,11.09,0,↑↑
2026-03-31,8835,太平洋興発,WEAK,CAUTION,9.92,09:20:25,1404.0,11.25,0,↑
2026-03-31,8835,太平洋興発,WEAK,CAUTION,9.92,09:20:43,1410.0,11.73,0,↑↑
2026-03-31,8835,太平洋興発,WEAK,CAUTION,9.92,09:21:01,1411.0,11.81,0,↑
2026-03-31,8835,太平洋興発,WEAK,CAUTION,9.92,09:21:20,1389.0,10.06,0,↓↓
2026-03-31,8835,太平洋興発,WEAK,CAUTION,9.92,09:21:38,1408.0,11.57,0,↑↑
2026-03-31,8835,太平洋興発,WEAK,CAUTION,9.92,09:21:56,1412.0,11.89,0,↑↑
2026-03-31,8835,太平洋興発,WEAK,CAUTION,9.92,09:22:14,1435.0,13.71,65000,↑↑
2026-03-31,8835,太平洋興発,WEAK,CAUTION,9.92,09:22:32,1449.0,14.82,65000,↑↑
2026-03-31,8835,太平洋興発,WEAK,CAUTION,9.92,09:22:49,1446.0,14.58,65000,↓↓
2026-03-31,8835,太平洋興発,WEAK,CAUTION,9.92,09:23:07,1451.0,14.98,172400,↑↑
2026-03-31,8835,太平洋興発,WEAK,CAUTION,9.92,09:23:26,1431.0,13.39,172400,↓↓
2026-03-31,8835,太平洋興発,WEAK,CAUTION,9.92,09:23:43,1424.0,12.84,172400,↓↓
2026-03-31,8835,太平洋興発,WEAK,CAUTION,9.92,09:24:01,1447.0,14.66,253500,↑↑
2026-03-31,8835,太平洋興発,WEAK,CAUTION,9.92,09:24:19,1480.0,17.27,253500,↑↑
2026-03-31,8835,太平洋興発,WEAK,CAUTION,9.92,09:24:37,1474.0,16.8,253500,↓↓
2026-03-31,8835,太平洋興発,WEAK,CAUTION,9.92,09:24:55,1487.0,17.83,253500,↑↑
2026-03-31,8835,太平洋興発,WEAK,CAUTION,9.92,09:25:13,1496.0,18.54,368400,↑↑
2026-03-31,8835,太平洋興発,WEAK,CAUTION,9.92,09:25:31,1496.0,18.54,368400,→
2026-03-31,8835,太平洋興発,WEAK,CAUTION,9.92,09:25:49,1496.0,18.54,368400,→
2026-03-31,8835,太平洋興発,WEAK,CAUTION,9.92,09:26:07,1504.0,19.18,373700,↑↑
2026-03-31,8835,太平洋興発,WEAK,CAUTION,9.92,09:26:25,1530.0,21.24,373700,↑↑
2026-03-31,8835,太平洋興発,WEAK,CAUTION,9.92,09:26:43,1536.0,21.71,373700,↑↑
2026-03-31,8835,太平洋興発,WEAK,CAUTION,9.92,09:27:02,1530.0,21.24,553300,↓↓
2026-03-31,8835,太平洋興発,WEAK,CAUTION,9.92,09:27:19,1530.0,21.24,553300,→
2026-03-31,8835,太平洋興発,WEAK,CAUTION,9.92,09:27:37,1523.0,20.68,553300,↓↓
2026-03-31,8835,太平洋興発,WEAK,CAUTION,9.92,09:27:55,1511.0,19.73,553300,↓↓
2026-03-31,8835,太平洋興発,WEAK,CAUTION,9.92,09:28:13,1523.0,20.68,636900,↑↑
2026-03-31,8835,太平洋興発,WEAK,CAUTION,9.92,09:28:31,1490.0,18.07,636900,↓↓
2026-03-31,8835,太平洋興発,WEAK,CAUTION,9.92,09:28:49,1490.0,18.07,636900,→
2026-03-31,8835,太平洋興発,WEAK,CAUTION,9.92,09:29:07,1471.0,16.56,710100,↓↓
2026-03-31,8835,太平洋興発,WEAK,CAUTION,9.92,09:29:25,1480.0,17.27,710100,↑↑
2026-03-31,8835,太平洋興発,WEAK,CAUTION,9.92,09:29:43,1467.0,16.24,710100,↓↓
2026-03-31,2108,日本甜菜製糖,WEAK,CAUTION,8.73,09:00:03,4090.0,-1.92,0,→
2026-03-31,2108,日本甜菜製糖,WEAK,CAUTION,8.73,09:00:21,4090.0,-1.92,0,→
2026-03-31,2108,日本甜菜製糖,WEAK,CAUTION,8.73,09:00:39,4090.0,-1.92,0,→
2026-03-31,2108,日本甜菜製糖,WEAK,CAUTION,8.73,09:00:57,4090.0,-1.92,0,→
2026-03-31,2108,日本甜菜製糖,WEAK,CAUTION,8.73,09:01:15,4090.0,-1.92,0,→
2026-03-31,2108,日本甜菜製糖,WEAK,CAUTION,8.73,09:01:33,4090.0,-1.92,0,→
2026-03-31,2108,日本甜菜製糖,WEAK,CAUTION,8.73,09:01:51,4090.0,-1.92,0,→
2026-03-31,2108,日本甜菜製糖,WEAK,CAUTION,8.73,09:02:09,4090.0,-1.92,0,→
2026-03-31,2108,日本甜菜製糖,WEAK,CAUTION,8.73,09:02:27,4090.0,-1.92,0,→
2026-03-31,2108,日本甜菜製糖,WEAK,CAUTION,8.73,09:02:45,4090.0,-1.92,0,→
2026-03-31,2108,日本甜菜製糖,WEAK,CAUTION,8.73,09:03:03,4090.0,-1.92,0,→
2026-03-31,2108,日本甜菜製糖,WEAK,CAUTION,8.73,09:03:21,4090.0,-1.92,0,→
2026-03-31,2108,日本甜菜製糖,WEAK,CAUTION,8.73,09:03:39,4090.0,-1.92,0,→
2026-03-31,2108,日本甜菜製糖,WEAK,CAUTION,8.73,09:03:57,4090.0,-1.92,0,→
2026-03-31,2108,日本甜菜製糖,WEAK,CAUTION,8.73,09:04:15,4090.0,-1.92,0,→
2026-03-31,2108,日本甜菜製糖,WEAK,CAUTION,8.73,09:04:33,4090.0,-1.92,0,→
2026-03-31,2108,日本甜菜製糖,WEAK,CAUTION,8.73,09:04:51,4090.0,-1.92,0,→
2026-03-31,2108,日本甜菜製糖,WEAK,CAUTION,8.73,09:05:09,4090.0,-1.92,0,→
2026-03-31,2108,日本甜菜製糖,WEAK,CAUTION,8.73,09:05:26,4090.0,-1.92,0,→
2026-03-31,2108,日本甜菜製糖,WEAK,CAUTION,8.73,09:05:44,4090.0,-1.92,0,→
2026-03-31,2108,日本甜菜製糖,WEAK,CAUTION,8.73,09:06:02,4090.0,-1.92,0,→
2026-03-31,2108,日本甜菜製糖,WEAK,CAUTION,8.73,09:06:20,4090.0,-1.92,0,→
2026-03-31,2108,日本甜菜製糖,WEAK,CAUTION,8.73,09:06:38,4090.0,-1.92,0,→
2026-03-31,2108,日本甜菜製糖,WEAK,CAUTION,8.73,09:06:56,4090.0,-1.92,0,→
2026-03-31,2108,日本甜菜製糖,WEAK,CAUTION,8.73,09:07:14,4090.0,-1.92,0,→
2026-03-31,2108,日本甜菜製糖,WEAK,CAUTION,8.73,09:07:32,4090.0,-1.92,0,→
2026-03-31,2108,日本甜菜製糖,WEAK,CAUTION,8.73,09:07:50,4090.0,-1.92,0,→
2026-03-31,2108,日本甜菜製糖,WEAK,CAUTION,8.73,09:08:08,4090.0,-1.92,0,→
2026-03-31,2108,日本甜菜製糖,WEAK,CAUTION,8.73,09:08:26,4090.0,-1.92,0,→
2026-03-31,2108,日本甜菜製糖,WEAK,CAUTION,8.73,09:08:44,4090.0,-1.92,0,→
2026-03-31,2108,日本甜菜製糖,WEAK,CAUTION,8.73,09:09:02,4090.0,-1.92,0,→
2026-03-31,2108,日本甜菜製糖,WEAK,CAUTION,8.73,09:09:19,4090.0,-1.92,0,→
2026-03-31,2108,日本甜菜製糖,WEAK,CAUTION,8.73,09:09:37,4090.0,-1.92,0,→
2026-03-31,2108,日本甜菜製糖,WEAK,CAUTION,8.73,09:09:55,4090.0,-1.92,0,→
2026-03-31,2108,日本甜菜製糖,WEAK,CAUTION,8.73,09:10:13,4090.0,-1.92,0,→
2026-03-31,2108,日本甜菜製糖,WEAK,CAUTION,8.73,09:10:31,4090.0,-1.92,0,→
2026-03-31,2108,日本甜菜製糖,WEAK,CAUTION,8.73,09:10:49,4090.0,-1.92,0,→
2026-03-31,2108,日本甜菜製糖,WEAK,CAUTION,8.73,09:11:07,4090.0,-1.92,0,→
2026-03-31,2108,日本甜菜製糖,WEAK,CAUTION,8.73,09:11:26,4090.0,-1.92,0,→
2026-03-31,2108,日本甜菜製糖,WEAK,CAUTION,8.73,09:11:44,4090.0,-1.92,0,→
2026-03-31,2108,日本甜菜製糖,WEAK,CAUTION,8.73,09:12:02,4090.0,-1.92,0,→
2026-03-31,2108,日本甜菜製糖,WEAK,CAUTION,8.73,09:12:20,4090.0,-1.92,0,→
2026-03-31,2108,日本甜菜製糖,WEAK,CAUTION,8.73,09:12:38,4090.0,-1.92,0,→
2026-03-31,2108,日本甜菜製糖,WEAK,CAUTION,8.73,09:12:56,4090.0,-1.92,0,→
2026-03-31,2108,日本甜菜製糖,WEAK,CAUTION,8.73,09:13:14,4090.0,-1.92,0,→
2026-03-31,2108,日本甜菜製糖,WEAK,CAUTION,8.73,09:13:31,4090.0,-1.92,0,→
2026-03-31,2108,日本甜菜製糖,WEAK,CAUTION,8.73,09:13:49,4090.0,-1.92,0,→
2026-03-31,2108,日本甜菜製糖,WEAK,CAUTION,8.73,09:14:07,4090.0,-1.92,0,→
2026-03-31,2108,日本甜菜製糖,WEAK,CAUTION,8.73,09:14:26,4090.0,-1.92,0,→
2026-03-31,2108,日本甜菜製糖,WEAK,CAUTION,8.73,09:14:44,4090.0,-1.92,0,→
2026-03-31,2108,日本甜菜製糖,WEAK,CAUTION,8.73,09:15:02,4090.0,-1.92,0,→
2026-03-31,2108,日本甜菜製糖,WEAK,CAUTION,8.73,09:15:20,4090.0,-1.92,0,→
2026-03-31,2108,日本甜菜製糖,WEAK,CAUTION,8.73,09:15:38,4090.0,-1.92,0,→
2026-03-31,2108,日本甜菜製糖,WEAK,CAUTION,8.73,09:15:56,4090.0,-1.92,0,→
2026-03-31,2108,日本甜菜製糖,WEAK,CAUTION,8.73,09:16:14,4090.0,-1.92,0,→
2026-03-31,2108,日本甜菜製糖,WEAK,CAUTION,8.73,09:16:32,4090.0,-1.92,0,→
2026-03-31,2108,日本甜菜製糖,WEAK,CAUTION,8.73,09:16:50,4090.0,-1.92,0,→
2026-03-31,2108,日本甜菜製糖,WEAK,CAUTION,8.73,09:17:08,4090.0,-1.92,0,→
2026-03-31,2108,日本甜菜製糖,WEAK,CAUTION,8.73,09:17:26,4090.0,-1.92,0,→
2026-03-31,2108,日本甜菜製糖,WEAK,CAUTION,8.73,09:17:44,4090.0,-1.92,0,→
2026-03-31,2108,日本甜菜製糖,WEAK,CAUTION,8.73,09:18:02,4090.0,-1.92,0,→
2026-03-31,2108,日本甜菜製糖,WEAK,CAUTION,8.73,09:18:20,4090.0,-1.92,0,→
2026-03-31,2108,日本甜菜製糖,WEAK,CAUTION,8.73,09:18:38,4090.0,-1.92,0,→
2026-03-31,2108,日本甜菜製糖,WEAK,CAUTION,8.73,09:18:56,4090.0,-1.92,0,→
2026-03-31,2108,日本甜菜製糖,WEAK,CAUTION,8.73,09:19:14,4090.0,-1.92,0,→
2026-03-31,2108,日本甜菜製糖,WEAK,CAUTION,8.73,09:19:32,4090.0,-1.92,0,→
2026-03-31,2108,日本甜菜製糖,WEAK,CAUTION,8.73,09:19:50,4090.0,-1.92,0,→
2026-03-31,2108,日本甜菜製糖,WEAK,CAUTION,8.73,09:20:08,4090.0,-1.92,0,→
2026-03-31,2108,日本甜菜製糖,WEAK,CAUTION,8.73,09:20:25,4105.0,0.37,0,↑↑
2026-03-31,2108,日本甜菜製糖,WEAK,CAUTION,8.73,09:20:43,4110.0,0.49,0,↑
2026-03-31,2108,日本甜菜製糖,WEAK,CAUTION,8.73,09:21:01,4110.0,0.49,0,→
2026-03-31,2108,日本甜菜製糖,WEAK,CAUTION,8.73,09:21:20,4110.0,0.49,0,→
2026-03-31,2108,日本甜菜製糖,WEAK,CAUTION,8.73,09:21:38,4100.0,0.24,3000,↓↓
2026-03-31,2108,日本甜菜製糖,WEAK,CAUTION,8.73,09:21:56,4100.0,0.24,3000,→
2026-03-31,2108,日本甜菜製糖,WEAK,CAUTION,8.73,09:22:14,4100.0,0.24,3000,→
2026-03-31,2108,日本甜菜製糖,WEAK,CAUTION,8.73,09:22:32,4100.0,0.24,3000,→
2026-03-31,2108,日本甜菜製糖,WEAK,CAUTION,8.73,09:22:49,4100.0,0.24,3000,→
2026-03-31,2108,日本甜菜製糖,WEAK,CAUTION,8.73,09:23:07,4100.0,0.24,3000,→
2026-03-31,2108,日本甜菜製糖,WEAK,CAUTION,8.73,09:23:26,4100.0,0.24,3000,→
2026-03-31,2108,日本甜菜製糖,WEAK,CAUTION,8.73,09:23:43,4100.0,0.24,3000,→
2026-03-31,2108,日本甜菜製糖,WEAK,CAUTION,8.73,09:24:01,4100.0,0.24,3000,→
2026-03-31,2108,日本甜菜製糖,WEAK,CAUTION,8.73,09:24:19,4100.0,0.24,3000,→
2026-03-31,2108,日本甜菜製糖,WEAK,CAUTION,8.73,09:24:37,4100.0,0.24,3000,→
2026-03-31,2108,日本甜菜製糖,WEAK,CAUTION,8.73,09:24:55,4100.0,0.24,3000,→
2026-03-31,2108,日本甜菜製糖,WEAK,CAUTION,8.73,09:25:13,4100.0,0.24,3000,→
2026-03-31,2108,日本甜菜製糖,WEAK,CAUTION,8.73,09:25:31,4100.0,0.24,3000,→
2026-03-31,2108,日本甜菜製糖,WEAK,CAUTION,8.73,09:25:49,4100.0,0.24,3000,→
2026-03-31,2108,日本甜菜製糖,WEAK,CAUTION,8.73,09:26:07,4100.0,0.24,3000,→
2026-03-31,2108,日本甜菜製糖,WEAK,CAUTION,8.73,09:26:25,4100.0,0.24,3000,→
2026-03-31,2108,日本甜菜製糖,WEAK,CAUTION,8.73,09:26:43,4100.0,0.24,3000,→
2026-03-31,2108,日本甜菜製糖,WEAK,CAUTION,8.73,09:27:02,4100.0,0.24,3000,→
2026-03-31,2108,日本甜菜製糖,WEAK,CAUTION,8.73,09:27:19,4100.0,0.24,3000,→
2026-03-31,2108,日本甜菜製糖,WEAK,CAUTION,8.73,09:27:37,4100.0,0.24,3000,→
2026-03-31,2108,日本甜菜製糖,WEAK,CAUTION,8.73,09:27:55,4100.0,0.24,3000,→
2026-03-31,2108,日本甜菜製糖,WEAK,CAUTION,8.73,09:28:13,4100.0,0.24,3000,→
2026-03-31,2108,日本甜菜製糖,WEAK,CAUTION,8.73,09:28:31,4100.0,0.24,3000,→
2026-03-31,2108,日本甜菜製糖,WEAK,CAUTION,8.73,09:28:49,4100.0,0.24,3000,→
2026-03-31,2108,日本甜菜製糖,WEAK,CAUTION,8.73,09:29:07,4100.0,0.24,3000,→
2026-03-31,2108,日本甜菜製糖,WEAK,CAUTION,8.73,09:29:25,4100.0,0.24,3000,→
2026-03-31,2108,日本甜菜製糖,WEAK,CAUTION,8.73,09:29:43,4100.0,0.24,3000,→
2026-03-31,3137,ファンデリー,WEAK,CAUTION,8.19,09:00:03,270.0,5.06,0,→
2026-03-31,3137,ファンデリー,WEAK,CAUTION,8.19,09:00:21,270.0,5.06,0,→
2026-03-31,3137,ファンデリー,WEAK,CAUTION,8.19,09:00:39,270.0,5.06,0,→
2026-03-31,3137,ファンデリー,WEAK,CAUTION,8.19,09:00:57,270.0,5.06,0,→
2026-03-31,3137,ファンデリー,WEAK,CAUTION,8.19,09:01:15,270.0,5.06,0,→
2026-03-31,3137,ファンデリー,WEAK,CAUTION,8.19,09:01:33,270.0,5.06,0,→
2026-03-31,3137,ファンデリー,WEAK,CAUTION,8.19,09:01:51,270.0,5.06,0,→
2026-03-31,3137,ファンデリー,WEAK,CAUTION,8.19,09:02:09,270.0,5.06,0,→
2026-03-31,3137,ファンデリー,WEAK,CAUTION,8.19,09:02:27,270.0,5.06,0,→
2026-03-31,3137,ファンデリー,WEAK,CAUTION,8.19,09:02:45,270.0,5.06,0,→
2026-03-31,3137,ファンデリー,WEAK,CAUTION,8.19,09:03:03,270.0,5.06,0,→
2026-03-31,3137,ファンデリー,WEAK,CAUTION,8.19,09:03:21,270.0,5.06,0,→
2026-03-31,3137,ファンデリー,WEAK,CAUTION,8.19,09:03:39,270.0,5.06,0,→
2026-03-31,3137,ファンデリー,WEAK,CAUTION,8.19,09:03:57,270.0,5.06,0,→
2026-03-31,3137,ファンデリー,WEAK,CAUTION,8.19,09:04:15,270.0,5.06,0,→
2026-03-31,3137,ファンデリー,WEAK,CAUTION,8.19,09:04:33,270.0,5.06,0,→
2026-03-31,3137,ファンデリー,WEAK,CAUTION,8.19,09:04:51,270.0,5.06,0,→
2026-03-31,3137,ファンデリー,WEAK,CAUTION,8.19,09:05:09,270.0,5.06,0,→
2026-03-31,3137,ファンデリー,WEAK,CAUTION,8.19,09:05:26,270.0,5.06,0,→
2026-03-31,3137,ファンデリー,WEAK,CAUTION,8.19,09:05:44,270.0,5.06,0,→
2026-03-31,3137,ファンデリー,WEAK,CAUTION,8.19,09:06:02,270.0,5.06,0,→
2026-03-31,3137,ファンデリー,WEAK,CAUTION,8.19,09:06:20,270.0,5.06,0,→
2026-03-31,3137,ファンデリー,WEAK,CAUTION,8.19,09:06:38,270.0,5.06,0,→
2026-03-31,3137,ファンデリー,WEAK,CAUTION,8.19,09:06:56,270.0,5.06,0,→
2026-03-31,3137,ファンデリー,WEAK,CAUTION,8.19,09:07:14,270.0,5.06,0,→
2026-03-31,3137,ファンデリー,WEAK,CAUTION,8.19,09:07:32,270.0,5.06,0,→
2026-03-31,3137,ファンデリー,WEAK,CAUTION,8.19,09:07:50,270.0,5.06,0,→
2026-03-31,3137,ファンデリー,WEAK,CAUTION,8.19,09:08:08,270.0,5.06,0,→
2026-03-31,3137,ファンデリー,WEAK,CAUTION,8.19,09:08:26,270.0,5.06,0,→
2026-03-31,3137,ファンデリー,WEAK,CAUTION,8.19,09:08:44,270.0,5.06,0,→
2026-03-31,3137,ファンデリー,WEAK,CAUTION,8.19,09:09:02,270.0,5.06,0,→
2026-03-31,3137,ファンデリー,WEAK,CAUTION,8.19,09:09:19,270.0,5.06,0,→
2026-03-31,3137,ファンデリー,WEAK,CAUTION,8.19,09:09:37,270.0,5.06,0,→
2026-03-31,3137,ファンデリー,WEAK,CAUTION,8.19,09:09:55,270.0,5.06,0,→
2026-03-31,3137,ファンデリー,WEAK,CAUTION,8.19,09:10:13,270.0,5.06,0,→
2026-03-31,3137,ファンデリー,WEAK,CAUTION,8.19,09:10:31,270.0,5.06,0,→
2026-03-31,3137,ファンデリー,WEAK,CAUTION,8.19,09:10:49,270.0,5.06,0,→
2026-03-31,3137,ファンデリー,WEAK,CAUTION,8.19,09:11:07,270.0,5.06,0,→
2026-03-31,3137,ファンデリー,WEAK,CAUTION,8.19,09:11:26,270.0,5.06,0,→
2026-03-31,3137,ファンデリー,WEAK,CAUTION,8.19,09:11:44,270.0,5.06,0,→
2026-03-31,3137,ファンデリー,WEAK,CAUTION,8.19,09:12:02,270.0,5.06,0,→
2026-03-31,3137,ファンデリー,WEAK,CAUTION,8.19,09:12:20,270.0,5.06,0,→
2026-03-31,3137,ファンデリー,WEAK,CAUTION,8.19,09:12:38,270.0,5.06,0,→
2026-03-31,3137,ファンデリー,WEAK,CAUTION,8.19,09:12:56,270.0,5.06,0,→
2026-03-31,3137,ファンデリー,WEAK,CAUTION,8.19,09:13:14,270.0,5.06,0,→
2026-03-31,3137,ファンデリー,WEAK,CAUTION,8.19,09:13:31,270.0,5.06,0,→
2026-03-31,3137,ファンデリー,WEAK,CAUTION,8.19,09:13:49,270.0,5.06,0,→
2026-03-31,3137,ファンデリー,WEAK,CAUTION,8.19,09:14:07,270.0,5.06,0,→
2026-03-31,3137,ファンデリー,WEAK,CAUTION,8.19,09:14:26,270.0,5.06,0,→
2026-03-31,3137,ファンデリー,WEAK,CAUTION,8.19,09:14:44,270.0,5.06,0,→
2026-03-31,3137,ファンデリー,WEAK,CAUTION,8.19,09:15:02,270.0,5.06,0,→
2026-03-31,3137,ファンデリー,WEAK,CAUTION,8.19,09:15:20,270.0,5.06,0,→
2026-03-31,3137,ファンデリー,WEAK,CAUTION,8.19,09:15:38,270.0,5.06,0,→
2026-03-31,3137,ファンデリー,WEAK,CAUTION,8.19,09:15:56,270.0,5.06,0,→
2026-03-31,3137,ファンデリー,WEAK,CAUTION,8.19,09:16:14,270.0,5.06,0,→
2026-03-31,3137,ファンデリー,WEAK,CAUTION,8.19,09:16:32,270.0,5.06,0,→
2026-03-31,3137,ファンデリー,WEAK,CAUTION,8.19,09:16:50,270.0,5.06,0,→
2026-03-31,3137,ファンデリー,WEAK,CAUTION,8.19,09:17:08,270.0,5.06,0,→
2026-03-31,3137,ファンデリー,WEAK,CAUTION,8.19,09:17:26,270.0,5.06,0,→
2026-03-31,3137,ファンデリー,WEAK,CAUTION,8.19,09:17:44,270.0,5.06,0,→
2026-03-31,3137,ファンデリー,WEAK,CAUTION,8.19,09:18:02,270.0,5.06,0,→
2026-03-31,3137,ファンデリー,WEAK,CAUTION,8.19,09:18:20,270.0,5.06,0,→
2026-03-31,3137,ファンデリー,WEAK,CAUTION,8.19,09:18:38,270.0,5.06,0,→
2026-03-31,3137,ファンデリー,WEAK,CAUTION,8.19,09:18:56,270.0,5.06,0,→
2026-03-31,3137,ファンデリー,WEAK,CAUTION,8.19,09:19:14,270.0,5.06,0,→
2026-03-31,3137,ファンデリー,WEAK,CAUTION,8.19,09:19:32,270.0,5.06,0,→
2026-03-31,3137,ファンデリー,WEAK,CAUTION,8.19,09:19:50,270.0,5.06,0,→
2026-03-31,3137,ファンデリー,WEAK,CAUTION,8.19,09:20:08,317.0,17.41,0,↑↑
2026-03-31,3137,ファンデリー,WEAK,CAUTION,8.19,09:20:25,315.0,16.67,0,↓↓
2026-03-31,3137,ファンデリー,WEAK,CAUTION,8.19,09:20:43,313.0,15.93,0,↓↓
2026-03-31,3137,ファンデリー,WEAK,CAUTION,8.19,09:21:01,310.0,14.81,0,↓↓
2026-03-31,3137,ファンデリー,WEAK,CAUTION,8.19,09:21:20,311.0,15.19,0,↑↑
2026-03-31,3137,ファンデリー,WEAK,CAUTION,8.19,09:21:38,308.0,14.07,0,↓↓
2026-03-31,3137,ファンデリー,WEAK,CAUTION,8.19,09:21:56,307.0,13.7,0,↓↓
2026-03-31,3137,ファンデリー,WEAK,CAUTION,8.19,09:22:14,321.0,18.89,49400,↑↑
2026-03-31,3137,ファンデリー,WEAK,CAUTION,8.19,09:22:32,322.0,19.26,49400,↑↑
2026-03-31,3137,ファンデリー,WEAK,CAUTION,8.19,09:22:49,322.0,19.26,49400,→
2026-03-31,3137,ファンデリー,WEAK,CAUTION,8.19,09:23:07,322.0,19.26,49400,→
2026-03-31,3137,ファンデリー,WEAK,CAUTION,8.19,09:23:26,320.0,18.52,144100,↓↓
2026-03-31,3137,ファンデリー,WEAK,CAUTION,8.19,09:23:43,315.0,16.67,144100,↓↓
2026-03-31,3137,ファンデリー,WEAK,CAUTION,8.19,09:24:01,311.0,15.19,229100,↓↓
2026-03-31,3137,ファンデリー,WEAK,CAUTION,8.19,09:24:19,311.0,15.19,229100,→
2026-03-31,3137,ファンデリー,WEAK,CAUTION,8.19,09:24:37,308.0,14.07,229100,↓↓
2026-03-31,3137,ファンデリー,WEAK,CAUTION,8.19,09:24:55,309.0,14.44,229100,↑↑
2026-03-31,3137,ファンデリー,WEAK,CAUTION,8.19,09:25:13,307.0,13.7,276000,↓↓
2026-03-31,3137,ファンデリー,WEAK,CAUTION,8.19,09:25:31,303.0,12.22,276000,↓↓
2026-03-31,3137,ファンデリー,WEAK,CAUTION,8.19,09:25:49,304.0,12.59,276000,↑↑
2026-03-31,3137,ファンデリー,WEAK,CAUTION,8.19,09:26:07,309.0,14.44,340300,↑↑
2026-03-31,3137,ファンデリー,WEAK,CAUTION,8.19,09:26:25,314.0,16.3,340300,↑↑
2026-03-31,3137,ファンデリー,WEAK,CAUTION,8.19,09:26:43,313.0,15.93,340300,↓↓
2026-03-31,3137,ファンデリー,WEAK,CAUTION,8.19,09:27:02,313.0,15.93,397300,→
2026-03-31,3137,ファンデリー,WEAK,CAUTION,8.19,09:27:19,306.0,13.33,397300,↓↓
2026-03-31,3137,ファンデリー,WEAK,CAUTION,8.19,09:27:37,306.0,13.33,397300,→
2026-03-31,3137,ファンデリー,WEAK,CAUTION,8.19,09:27:55,310.0,14.81,397300,↑↑
2026-03-31,3137,ファンデリー,WEAK,CAUTION,8.19,09:28:13,308.0,14.07,429900,↓↓
2026-03-31,3137,ファンデリー,WEAK,CAUTION,8.19,09:28:31,308.0,14.07,429900,→
2026-03-31,3137,ファンデリー,WEAK,CAUTION,8.19,09:28:49,310.0,14.81,429900,↑↑
2026-03-31,3137,ファンデリー,WEAK,CAUTION,8.19,09:29:07,311.0,15.19,454000,↑↑
2026-03-31,3137,ファンデリー,WEAK,CAUTION,8.19,09:29:25,312.0,15.56,454000,↑↑
2026-03-31,3137,ファンデリー,WEAK,CAUTION,8.19,09:29:43,310.0,14.81,454000,↓↓
2026-03-31,7375,リファインバースグループ,WEAK,CAUTION,8.18,09:00:03,1379.0,13.13,0,→
2026-03-31,7375,リファインバースグループ,WEAK,CAUTION,8.18,09:00:21,1379.0,13.13,0,→
2026-03-31,7375,リファインバースグループ,WEAK,CAUTION,8.18,09:00:39,1379.0,13.13,0,→
2026-03-31,7375,リファインバースグループ,WEAK,CAUTION,8.18,09:00:57,1379.0,13.13,0,→
2026-03-31,7375,リファインバースグループ,WEAK,CAUTION,8.18,09:01:15,1379.0,13.13,0,→
2026-03-31,7375,リファインバースグループ,WEAK,CAUTION,8.18,09:01:33,1379.0,13.13,0,→
2026-03-31,7375,リファインバースグループ,WEAK,CAUTION,8.18,09:01:51,1379.0,13.13,0,→
2026-03-31,7375,リファインバースグループ,WEAK,CAUTION,8.18,09:02:09,1379.0,13.13,0,→
2026-03-31,7375,リファインバースグループ,WEAK,CAUTION,8.18,09:02:27,1379.0,13.13,0,→
2026-03-31,7375,リファインバースグループ,WEAK,CAUTION,8.18,09:02:45,1379.0,13.13,0,→
2026-03-31,7375,リファインバースグループ,WEAK,CAUTION,8.18,09:03:03,1379.0,13.13,0,→
2026-03-31,7375,リファインバースグループ,WEAK,CAUTION,8.18,09:03:21,1379.0,13.13,0,→
2026-03-31,7375,リファインバースグループ,WEAK,CAUTION,8.18,09:03:39,1379.0,13.13,0,→
2026-03-31,7375,リファインバースグループ,WEAK,CAUTION,8.18,09:03:57,1379.0,13.13,0,→
2026-03-31,7375,リファインバースグループ,WEAK,CAUTION,8.18,09:04:15,1379.0,13.13,0,→
2026-03-31,7375,リファインバースグループ,WEAK,CAUTION,8.18,09:04:33,1379.0,13.13,0,→
2026-03-31,7375,リファインバースグループ,WEAK,CAUTION,8.18,09:04:51,1379.0,13.13,0,→
2026-03-31,7375,リファインバースグループ,WEAK,CAUTION,8.18,09:05:09,1379.0,13.13,0,→
2026-03-31,7375,リファインバースグループ,WEAK,CAUTION,8.18,09:05:26,1379.0,13.13,0,→
2026-03-31,7375,リファインバースグループ,WEAK,CAUTION,8.18,09:05:44,1379.0,13.13,0,→
2026-03-31,7375,リファインバースグループ,WEAK,CAUTION,8.18,09:06:02,1379.0,13.13,0,→
2026-03-31,7375,リファインバースグループ,WEAK,CAUTION,8.18,09:06:20,1379.0,13.13,0,→
2026-03-31,7375,リファインバースグループ,WEAK,CAUTION,8.18,09:06:38,1379.0,13.13,0,→
2026-03-31,7375,リファインバースグループ,WEAK,CAUTION,8.18,09:06:56,1379.0,13.13,0,→
2026-03-31,7375,リファインバースグループ,WEAK,CAUTION,8.18,09:07:14,1379.0,13.13,0,→
2026-03-31,7375,リファインバースグループ,WEAK,CAUTION,8.18,09:07:32,1379.0,13.13,0,→
2026-03-31,7375,リファインバースグループ,WEAK,CAUTION,8.18,09:07:50,1379.0,13.13,0,→
2026-03-31,7375,リファインバースグループ,WEAK,CAUTION,8.18,09:08:08,1379.0,13.13,0,→
2026-03-31,7375,リファインバースグループ,WEAK,CAUTION,8.18,09:08:26,1379.0,13.13,0,→
2026-03-31,7375,リファインバースグループ,WEAK,CAUTION,8.18,09:08:44,1379.0,13.13,0,→
2026-03-31,7375,リファインバースグループ,WEAK,CAUTION,8.18,09:09:02,1379.0,13.13,0,→
2026-03-31,7375,リファインバースグループ,WEAK,CAUTION,8.18,09:09:19,1379.0,13.13,0,→
2026-03-31,7375,リファインバースグループ,WEAK,CAUTION,8.18,09:09:37,1379.0,13.13,0,→
2026-03-31,7375,リファインバースグループ,WEAK,CAUTION,8.18,09:09:55,1379.0,13.13,0,→
2026-03-31,7375,リファインバースグループ,WEAK,CAUTION,8.18,09:10:13,1379.0,13.13,0,→
2026-03-31,7375,リファインバースグループ,WEAK,CAUTION,8.18,09:10:31,1379.0,13.13,0,→
2026-03-31,7375,リファインバースグループ,WEAK,CAUTION,8.18,09:10:49,1379.0,13.13,0,→
2026-03-31,7375,リファインバースグループ,WEAK,CAUTION,8.18,09:11:07,1379.0,13.13,0,→
2026-03-31,7375,リファインバースグループ,WEAK,CAUTION,8.18,09:11:26,1379.0,13.13,0,→
2026-03-31,7375,リファインバースグループ,WEAK,CAUTION,8.18,09:11:44,1379.0,13.13,0,→
2026-03-31,7375,リファインバースグループ,WEAK,CAUTION,8.18,09:12:02,1379.0,13.13,0,→
2026-03-31,7375,リファインバースグループ,WEAK,CAUTION,8.18,09:12:20,1379.0,13.13,0,→
2026-03-31,7375,リファインバースグループ,WEAK,CAUTION,8.18,09:12:38,1379.0,13.13,0,→
2026-03-31,7375,リファインバースグループ,WEAK,CAUTION,8.18,09:12:56,1379.0,13.13,0,→
2026-03-31,7375,リファインバースグループ,WEAK,CAUTION,8.18,09:13:14,1379.0,13.13,0,→
2026-03-31,7375,リファインバースグループ,WEAK,CAUTION,8.18,09:13:31,1379.0,13.13,0,→
2026-03-31,7375,リファインバースグループ,WEAK,CAUTION,8.18,09:13:49,1379.0,13.13,0,→
2026-03-31,7375,リファインバースグループ,WEAK,CAUTION,8.18,09:14:07,1379.0,13.13,0,→
2026-03-31,7375,リファインバースグループ,WEAK,CAUTION,8.18,09:14:26,1379.0,13.13,0,→
2026-03-31,7375,リファインバースグループ,WEAK,CAUTION,8.18,09:14:44,1379.0,13.13,0,→
2026-03-31,7375,リファインバースグループ,WEAK,CAUTION,8.18,09:15:02,1379.0,13.13,0,→
2026-03-31,7375,リファインバースグループ,WEAK,CAUTION,8.18,09:15:20,1379.0,13.13,0,→
2026-03-31,7375,リファインバースグループ,WEAK,CAUTION,8.18,09:15:38,1379.0,13.13,0,→
2026-03-31,7375,リファインバースグループ,WEAK,CAUTION,8.18,09:15:56,1379.0,13.13,0,→
2026-03-31,7375,リファインバースグループ,WEAK,CAUTION,8.18,09:16:14,1379.0,13.13,0,→
2026-03-31,7375,リファインバースグループ,WEAK,CAUTION,8.18,09:16:32,1379.0,13.13,0,→
2026-03-31,7375,リファインバースグループ,WEAK,CAUTION,8.18,09:16:50,1379.0,13.13,0,→
2026-03-31,7375,リファインバースグループ,WEAK,CAUTION,8.18,09:17:08,1379.0,13.13,0,→
2026-03-31,7375,リファインバースグループ,WEAK,CAUTION,8.18,09:17:26,1379.0,13.13,0,→
2026-03-31,7375,リファインバースグループ,WEAK,CAUTION,8.18,09:17:44,1379.0,13.13,0,→
2026-03-31,7375,リファインバースグループ,WEAK,CAUTION,8.18,09:18:02,1379.0,13.13,0,→
2026-03-31,7375,リファインバースグループ,WEAK,CAUTION,8.18,09:18:20,1379.0,13.13,0,→
2026-03-31,7375,リファインバースグループ,WEAK,CAUTION,8.18,09:18:38,1379.0,13.13,0,→
2026-03-31,7375,リファインバースグループ,WEAK,CAUTION,8.18,09:18:56,1379.0,13.13,0,→
2026-03-31,7375,リファインバースグループ,WEAK,CAUTION,8.18,09:19:14,1379.0,13.13,0,→
2026-03-31,7375,リファインバースグループ,WEAK,CAUTION,8.18,09:19:32,1379.0,13.13,0,→
2026-03-31,7375,リファインバースグループ,WEAK,CAUTION,8.18,09:19:50,1379.0,13.13,0,→
2026-03-31,7375,リファインバースグループ,WEAK,CAUTION,8.18,09:20:08,1430.0,3.7,0,↑↑
2026-03-31,7375,リファインバースグループ,WEAK,CAUTION,8.18,09:20:25,1429.0,3.63,0,↓
2026-03-31,7375,リファインバースグループ,WEAK,CAUTION,8.18,09:20:43,1434.0,3.99,0,↑↑
2026-03-31,7375,リファインバースグループ,WEAK,CAUTION,8.18,09:21:01,1430.0,3.7,0,↓↓
2026-03-31,7375,リファインバースグループ,WEAK,CAUTION,8.18,09:21:20,1413.0,2.47,0,↓↓
2026-03-31,7375,リファインバースグループ,WEAK,CAUTION,8.18,09:21:38,1401.0,1.6,0,↓↓
2026-03-31,7375,リファインバースグループ,WEAK,CAUTION,8.18,09:21:56,1398.0,1.38,0,↓↓
2026-03-31,7375,リファインバースグループ,WEAK,CAUTION,8.18,09:22:14,1389.0,0.73,23000,↓↓
2026-03-31,7375,リファインバースグループ,WEAK,CAUTION,8.18,09:22:32,1375.0,-0.29,23000,↓↓
2026-03-31,7375,リファインバースグループ,WEAK,CAUTION,8.18,09:22:49,1392.0,0.94,23000,↑↑
2026-03-31,7375,リファインバースグループ,WEAK,CAUTION,8.18,09:23:07,1408.0,2.1,47200,↑↑
2026-03-31,7375,リファインバースグループ,WEAK,CAUTION,8.18,09:23:26,1400.0,1.52,47200,↓↓
2026-03-31,7375,リファインバースグループ,WEAK,CAUTION,8.18,09:23:43,1400.0,1.52,47200,→
2026-03-31,7375,リファインバースグループ,WEAK,CAUTION,8.18,09:24:01,1392.0,0.94,62400,↓↓
2026-03-31,7375,リファインバースグループ,WEAK,CAUTION,8.18,09:24:19,1387.0,0.58,62400,↓↓
2026-03-31,7375,リファインバースグループ,WEAK,CAUTION,8.18,09:24:37,1371.0,-0.58,62400,↓↓
2026-03-31,7375,リファインバースグループ,WEAK,CAUTION,8.18,09:24:55,1370.0,-0.65,62400,↓
2026-03-31,7375,リファインバースグループ,WEAK,CAUTION,8.18,09:25:13,1383.0,0.29,77400,↑↑
2026-03-31,7375,リファインバースグループ,WEAK,CAUTION,8.18,09:25:31,1375.0,-0.29,77400,↓↓
2026-03-31,7375,リファインバースグループ,WEAK,CAUTION,8.18,09:25:49,1356.0,-1.67,77400,↓↓
2026-03-31,7375,リファインバースグループ,WEAK,CAUTION,8.18,09:26:07,1363.0,-1.16,91100,↑↑
2026-03-31,7375,リファインバースグループ,WEAK,CAUTION,8.18,09:26:25,1352.0,-1.96,91100,↓↓
2026-03-31,7375,リファインバースグループ,WEAK,CAUTION,8.18,09:26:43,1355.0,-1.74,91100,↑↑
2026-03-31,7375,リファインバースグループ,WEAK,CAUTION,8.18,09:27:02,1352.0,-1.96,95100,↓↓
2026-03-31,7375,リファインバースグループ,WEAK,CAUTION,8.18,09:27:19,1348.0,-2.25,95100,↓↓
2026-03-31,7375,リファインバースグループ,WEAK,CAUTION,8.18,09:27:37,1330.0,-3.55,95100,↓↓
2026-03-31,7375,リファインバースグループ,WEAK,CAUTION,8.18,09:27:55,1339.0,-2.9,95100,↑↑
2026-03-31,7375,リファインバースグループ,WEAK,CAUTION,8.18,09:28:13,1340.0,-2.83,112000,↑
2026-03-31,7375,リファインバースグループ,WEAK,CAUTION,8.18,09:28:31,1345.0,-2.47,112000,↑↑
2026-03-31,7375,リファインバースグループ,WEAK,CAUTION,8.18,09:28:49,1347.0,-2.32,112000,↑
2026-03-31,7375,リファインバースグループ,WEAK,CAUTION,8.18,09:29:07,1374.0,-0.36,116700,↑↑
2026-03-31,7375,リファインバースグループ,WEAK,CAUTION,8.18,09:29:25,1354.0,-1.81,116700,↓↓
2026-03-31,7375,リファインバースグループ,WEAK,CAUTION,8.18,09:29:43,1350.0,-2.1,116700,↓↓
